day,avg_abs_power,avg_rel_power,sample_count,min_abs_power,max_abs_power
2019-08-12,128222.49311208786,1415.0182923863285,1799,0.0,343142.8817600474
2019-08-13,128336.97689284224,1288.8931192960913,2867,0.0,343143.0090075045
2019-08-14,129096.04982549499,1428.7089463985085,2867,0.0,342802.77903516137
2019-08-15,128314.27134727204,1289.5462918287155,2867,0.0,342496.22101774573
2019-08-16,127938.5676171643,1414.9484380002577,2867,0.0,341249.6645269557
2019-08-17,128390.18968206896,1289.9579378476183,2866,0.0,342904.6695570063
2019-08-18,128541.60230125806,1422.692335181096,2867,0.0,342530.52246830706
2019-08-19,129569.1846731464,1301.5498152324444,2859,0.0,342939.3534562491
2019-08-20,129470.2054793578,1432.1519593634232,2867,0.0,342871.00254763314
2019-08-21,127933.52370727524,1285.8835841009816,2867,0.0,342972.7662584231
2019-08-22,127652.94839840238,1412.2694833541048,2867,0.0,341520.3053126032
2019-08-23,128465.14402847609,1289.9707792629758,2867,0.0,342666.07891157543
2019-08-24,129386.58230332077,1431.926052091921,2867,0.0,341350.9172058859
2019-08-25,128623.49896563806,1292.5313284096846,2867,0.0,342802.39786942775
2019-08-26,127967.3014797318,1415.3507235829904,2867,0.0,341385.1744411465
2019-08-27,127962.06406320588,1285.5961596427485,2867,0.0,342700.5078181507
2019-08-28,128044.95589751776,1417.3631461062898,2867,0.0,342835.93760961073
2019-08-29,129276.99732465496,1298.463644544697,2867,0.0,342598.49109874165
2019-08-30,128948.42784019226,1426.4388898171671,2867,0.0,342734.6828286726
2019-08-31,128188.40221354837,1288.4289390298047,2867,0.0,340944.2651734074
2019-09-01,127554.42712494252,1411.3700334632458,2867,0.0,342802.1437240456
2019-09-02,128441.80555533787,1289.7448082702224,2867,0.0,342768.09568503243
2019-09-03,129130.56201653907,1429.0832939571844,2867,0.0,341351.29687771667
2019-09-04,129152.85545521024,1297.958509396882,2867,0.0,341317.1663001122
2019-09-05,128248.93232694393,1418.408543322954,2867,0.0,341350.79063470423
2019-09-06,127681.38782162235,1282.924753049336,2867,0.0,341351.170327393
2019-09-07,128193.74806131655,1418.8602355506634,2867,0.0,341384.9212967098
2019-09-08,129136.42557868801,1297.0727114066021,2867,0.0,341385.1744411465
2019-09-09,128611.69303022609,1422.6118220057585,2867,0.0,341520.93852453027
2019-09-10,128297.3972582822,1289.5321551510424,2867,0.0,341385.04787240573
2019-09-11,127861.25425383325,1414.5380298588098,2867,0.0,341554.18310367846
2019-09-12,127964.54638588245,1285.0848435169908,2867,0.0,341452.92973774613
2019-09-13,129300.48820529043,1431.04156772494,2866,0.0,341317.92542895203
2019-09-14,128700.97038781745,1293.4616987500826,2867,0.0,341249.5380319017
2019-09-15,127701.37977961305,1412.2945856131885,2867,0.0,341215.9136595709
2019-09-16,127109.22533506226,1277.0890282682983,2867,0.0,340605.5001866447
2019-09-17,127633.02097926226,1412.844225930696,2867,0.0,340640.13342875266
2019-09-18,128856.53936021792,1294.1625121565091,2867,0.0,341045.7693620567
2019-09-19,128304.44414863894,1419.201843676208,2867,0.0,341046.0221795499
2019-09-20,127712.89507121399,1283.6683144024644,2867,0.0,340571.3716853624
2019-09-21,127394.21714421964,1409.5330812397774,2867,0.0,341080.0255950016
2019-09-22,127996.48901721585,1285.463479437219,2867,0.0,340707.76012171997
2019-09-23,128868.81080952163,1426.1598106099793,2867,0.0,340741.7628322349
2019-09-24,128903.56693928143,1295.4040209704574,2867,0.0,340843.3927456448
2019-09-25,127799.97490462061,1413.4802823400034,2867,0.0,341249.4115298967
2019-09-26,127445.34870373353,1280.5689010701467,2867,0.0,340605.7525102341
2019-09-27,98757.72566949013,1053.9520752843257,2867,0.0,341012.3979903376
2019-09-28,127639.3821918655,1332.3746501040766,2867,0.0,340741.3841979658
2019-09-29,127900.9874904146,1371.608855535195,2867,0.0,340944.3915233341
2019-09-30,127824.70706691757,1325.6167266602686,2867,0.0,340876.76434182
2019-10-01,127113.53636562124,1353.3800080624515,2867,0.0,340978.6474155906
2019-10-02,127292.39384834297,1315.5792443912542,2867,0.0,340673.63131645066
2019-10-03,129062.86720611271,1428.0913788960693,2867,0.0,340876.8906409591
2019-10-04,128634.80926555462,1292.7862453480743,2867,0.0,340876.6380357445
2019-10-05,127194.4038154918,1406.7324506337634,2867,0.0,340640.25957090594
2019-10-06,127202.80346473315,1277.9576225291214,2867,0.0,340978.0156084017
2019-10-07,126509.77955299678,1357.7675498907897,2867,0.0,341045.516516796
2019-10-08,129182.97845749791,1429.329591918968,2867,0.0,341046.1485778825
2019-10-09,128297.2600864234,1289.3570939617573,2867,0.0,340538.6306220449
2019-10-10,127592.79409569026,1348.6692069451626,2867,0.0,340640.25957090594
2019-10-11,127700.03337250801,1306.3352814102604,2867,0.0,340639.7549607041
2019-10-12,127989.48669271682,1379.745123886291,2867,0.0,340537.8739977467
2019-10-13,129091.09021890689,1339.8143909407775,2867,0.0,340571.2455178054
2019-10-14,128437.12768376704,1372.9949119129385,2867,0.0,340638.9978374931
2019-10-15,127712.54878562888,1340.911973476344,2867,0.0,340571.3716853624
2019-10-16,127364.12943921649,1353.5539276536276,2867,0.0,340504.2501045536
2019-10-17,128780.2301233984,1316.4408658657235,2867,0.0,340571.62399969983
2019-10-18,128812.99680483172,1425.6450456612115,2867,0.0,340504.75441911677
2019-10-19,128256.27944118161,1288.9757301409377,2867,0.0,341113.523342262
2019-10-20,127389.7046269203,1408.8974158631986,2867,0.0,340537.6217342313
2019-10-21,126984.54322549525,1275.8545895887098,2867,0.0,340571.8762863296
2019-10-22,127423.55391840338,1410.4113272538327,2866,0.0,340504.2501045536
2019-10-23,129270.04690153716,1298.2815564553919,2867,0.0,340571.49784599483
2019-10-24,128672.39870111906,1423.3746205325117,2867,0.0,340537.7478694523
2019-10-25,127593.9314016857,1282.433137050797,2867,0.0,340707.76012171997
2019-10-26,126715.38132039871,1401.9861364526569,2867,0.0,340910.514751214
2019-10-27,127970.00081178472,1279.8040565144263,2868,0.0,341147.90624582226
2019-10-28,128540.87854212367,1427.9876146621218,2866,0.0,341113.77623353037
2019-10-29,128649.7222180754,1368.5129930277667,2867,0.0,341249.4115298967
2019-10-30,129709.29442218768,1387.6862985632863,2867,0.0,341113.9026687471
2019-10-31,126086.854239286,1393.641465188491,2867,0.0,341046.0221795499
2019-11-01,127750.86111961177,1277.6018582175157,2867,0.0,340809.26356143114
2019-11-02,127774.2207806318,1419.465892281561,2867,0.0,340368.9981787762
2019-11-03,128403.62036025886,1284.168107814572,2867,0.0,340538.6306220449
2019-11-04,127473.01684874558,1416.3668538749523,2867,0.0,340944.2651734074
2019-11-05,126840.94733585345,1268.4094733585346,2867,0.0,340538.5045353158
2019-11-06,126840.24526612724,1409.1729168332731,2867,0.0,340267.3707015208
2019-11-07,128104.32394663065,1281.2830650399517,2867,0.0,340436.49801664165
2019-11-08,128046.03896338612,1422.6045653457836,2867,0.0,340538.3784416573
2019-11-09,127253.51428795718,1272.5731247857323,2867,0.0,340504.62835086667
2019-11-10,127481.69182661921,1416.4632425179918,2867,0.0,340843.2664857769
2019-11-11,127389.91427899974,1274.00716642451,2867,0.0,341080.0255950016
2019-11-12,127619.70361063188,1417.7421488867376,2867,0.0,340741.5104163233
2019-11-13,127292.04313971294,1272.9204313971281,2686,0.0,340606.383197944
2019-11-19,129649.55869003243,1440.468462999666,1302,0.0,340606.383197944
2019-11-20,127228.79278823992,1272.4768441748652,2841,0.0,340809.5160511906
2019-11-21,127232.7181592351,1413.5822792342908,2867,0.0,340876.8906409591
2019-11-22,128207.47904229363,1282.33794564421,2867,0.0,340437.0021833225
2019-11-23,128250.62179348468,1424.8656780440385,2867,0.0,340606.383197944
2019-11-24,127449.16153521549,1274.4916153521551,2867,0.0,340572.6329799321
2019-11-25,126788.02576933162,1349.7962150218232,2867,0.0,340978.5210680344
2019-11-26,127813.83665197619,1420.03379180957,2866,0.0,340572.75907127827
2019-11-27,128261.66629714136,1282.8792040986636,2867,0.0,340571.75014647923
2019-11-28,127571.27074740919,1417.5973112446218,2860,0.0,340335.24827904365
2019-11-29,127149.80749456797,1271.5240811167523,2864,0.0,340301.49839211063
2019-11-30,127022.4104230089,1411.3601158112058,2864,0.0,340708.3909824905
2019-12-01,127596.94636180311,1276.1110676160981,2863,0.0,339155.5414849954
2019-12-02,128399.16399091101,1426.4021479556452,2864,0.0,339458.1397835848
2019-12-03,128465.3591454351,1284.863975835993,2864,0.0,340843.3927456448
2019-12-04,126574.826062616,1406.3869562512878,2864,0.0,338953.18296505354
2019-12-05,126520.61746459837,1265.2061746459779,2864,0.0,339256.7844328564
2019-12-06,127370.82617770856,1415.0819015339898,2863,0.0,339088.38146603917
2019-12-07,128485.65112976775,1285.100783986175,2864,0.0,339020.84483813273
2019-12-08,128006.45890751388,1422.1872072966862,2864,0.0,339323.8190350835
2019-12-09,127588.24922304362,1275.8824922304386,2864,0.0,340944.3915233341
2019-12-10,127031.2037267749,1411.4578191863873,2864,0.0,340910.514751214
2019-12-11,127671.84691455495,1276.8452018128253,2863,0.0,340606.8876233518
2019-12-12,128283.95070248969,1425.1305209137006,2864,0.0,338953.43403264205
2019-12-13,127982.74424692329,1279.9274646372792,2864,0.0,338886.65081717324
2019-12-14,127404.62132192244,1415.6069035769178,2864,0.0,338785.15886185
2019-12-15,127201.32266797396,1272.013226679741,2864,0.0,340437.25422511005
2019-12-16,127630.10486436685,1418.0121744140847,2864,0.0,340268.1262721438
2019-12-17,128255.92121747341,1282.8073537931045,2863,0.0,340708.01248683233
2019-12-18,128190.26822956056,1424.1655923589597,2864,0.0,340605.8786616362
2019-12-19,127426.77004434749,1274.2677004434743,2864,0.0,340538.2523410706
2019-12-20,126931.6108192504,1410.3512313250062,2864,0.0,338885.52143695
2019-12-21,127187.12006577954,1271.955265386536,2864,0.0,340369.5021421472
2019-12-22,128275.98172047199,1424.9459123592915,2864,0.0,339256.5330347037
2019-12-23,128351.95492590804,1283.6639038346427,2863,0.0,340944.8968536406
2019-12-24,127936.12401550829,1421.495119104876,2864,0.0,341249.91749621386
2019-12-25,127671.50860096513,1276.7150860096515,2864,0.0,339661.00689346384
2019-12-26,127521.11755027821,1416.750887072061,2864,0.0,339593.7199064496
2019-12-27,128750.85500949583,1287.845522204122,2864,0.0,339627.67812086595
2019-12-28,128506.95728853247,1427.6063141193877,2864,0.0,341182.6685126772
2019-12-29,127494.94516113288,1274.9494516113282,2863,0.0,341317.798924863
2019-12-30,127869.05281760874,1420.7672535289812,2864,0.0,339661.25873171416
2019-12-31,128051.37908539281,1280.612754405957,2864,0.0,339694.71341438463
2020-01-01,128746.81307457958,1430.1549599409584,2864,0.0,341452.54990017135
2020-01-02,128687.23185196465,1287.0468390425876,2864,0.0,341216.0401222981
2020-01-03,127713.2393827648,1419.0359931418332,2863,0.0,339694.4615118099
2020-01-04,127306.86992020135,1273.0686992020128,2864,0.0,341216.2930269017
2020-01-05,127956.00003035889,1421.629000143198,2864,0.0,339728.41999159585
2020-01-06,127554.02666543261,1275.795056285162,2864,0.0,339762.1266250946
2020-01-07,128298.73677054618,1425.3221192022133,2864,0.0,341284.04790501687
2020-01-08,127519.76113012717,1275.1976113012718,2863,0.0,341283.7949267223
2020-01-09,127178.97053489549,1413.0996726099481,2864,0.0,339559.887668492
2020-01-10,135951.47412363658,1414.4457571929897,2864,0.0,339323.94478122465
2020-01-11,128448.75382142348,1284.7478551046618,2864,0.0,339290.36460067483
2020-01-12,128315.49103227581,1425.6074424255103,2864,0.0,340573.26336734614
2020-01-13,127623.94027656825,1276.3074979773924,2864,0.0,339458.5173043487
2020-01-14,127167.73928159119,1412.9748809065684,2863,0.0,340470.8782728743
2020-01-15,127270.5309522135,1272.7333199264185,2864,0.0,338987.5160119639
2020-01-16,127981.03131437508,1421.748499026832,2864,0.0,339121.3332891663
2020-01-17,127920.42734264431,1279.3590820313818,2864,0.0,340504.2501045536
2020-01-18,127477.38797492026,1416.415421943557,2864,0.0,339020.46811615786
2020-01-19,126840.36342013936,1268.4036342013967,2863,0.0,339121.0819688609
2020-01-20,127385.60041679996,1415.2510529536642,2856,0.0,338920.1052089885
2020-01-21,128887.09169234893,1289.119058321862,2864,0.0,340403.25215633627
2020-01-22,128471.37807706733,1388.882266223654,2864,0.0,340470.37403224636
2020-01-23,127567.7778932156,1325.0365336548514,2864,0.0,340403.25215633627
2020-01-24,127224.48752396171,1272.2448752396149,2863,0.0,340505.38465643645
2020-01-25,127628.24556914384,1374.5514020539426,2864,0.0,338885.64695122384
2020-01-26,128528.09054610551,1312.511267423366,2864,0.0,340607.1397944585
2020-01-27,128361.88343472073,1328.0183035597645,2864,0.0,340639.88112365105
2020-01-28,127798.17343908959,1348.1745683590311,2864,0.0,340640.00727966795
2020-01-29,127388.9547856221,1403.6924350294582,2863,0.0,340301.75028597936
2020-01-30,76925.91575531971,835.5448915314224,2864,0.0,342088.2867913513
2020-01-31,0.0,0.0,2864,0.0,0.0
2020-02-01,0.0,0.0,2864,0.0,0.0
2020-02-02,0.0,0.0,2863,0.0,0.0
2020-02-03,82421.43102475816,824.214310247581,2864,0.0,338919.47768363263
2020-02-04,127251.26138256969,1413.7987571513142,2864,0.0,339121.20763246366
2020-02-05,128457.14190782113,1284.8317485303442,2863,0.0,344114.90656350617
2020-02-06,128322.78343389109,1425.6979035599961,2864,0.0,340606.2570742631
2020-02-07,127250.4017671834,1272.5040176718344,2864,0.0,339020.71927104116
2020-02-08,127032.01242436827,1411.4668047152038,2864,0.0,340504.88048043806
2020-02-09,126861.28232003038,1268.8251196962028,2864,0.0,339088.00465455523
2020-02-10,127929.14028137208,1421.1878636555793,2863,0.0,339054.173548353
2020-02-11,128051.1891043196,1280.6226647783944,2864,0.0,339053.7967091687
2020-02-12,127495.58588261173,1416.585597404354,2864,0.0,339054.173548353
2020-02-13,126633.3283780998,1266.333283780998,2863,0.0,339020.59369704896
2020-02-14,127612.72562348019,1339.260520438433,2864,0.0,340369.2501743093
2020-02-15,128405.59841808102,1340.3358434581232,2864,0.0,340503.8717959045
2020-02-16,127772.25860557002,1366.4399505938895,2864,0.0,340335.1222963094
2020-02-17,127230.48273999064,1272.5136413065707,2863,0.0,338986.88830285997
2020-02-18,126924.96865906843,1312.4265042672434,2864,0.0,338885.39591578365
2020-02-19,126933.97113423931,1349.656231247473,2864,0.0,339087.87903692434
2020-02-20,128582.32004945412,1423.4092092495562,2864,0.0,338785.15886185
2020-02-21,128262.554226704,1413.842136981554,2863,0.0,340267.3707015208
2020-02-22,127677.7493960956,1321.1387067518256,2864,0.0,338885.52143695
2020-02-23,127171.15508357319,1364.8416357011092,2864,0.0,340572.3807764489
2020-02-24,127884.19906648443,1367.808131868748,2864,0.0,338986.38601140893
2020-02-25,128812.01697674797,1353.841040013159,2864,0.0,338986.63717092853
2020-02-26,128485.01708606762,1285.028957183023,2863,0.0,340300.9945213196
2020-02-27,127588.18313153331,1341.8044814777982,2864,0.0,344046.0872241458
2020-02-28,127337.7334809415,1374.9890933149748,2864,0.0,338986.38601140893
2020-02-29,127376.8161426294,1351.6777775829553,2863,0.0,339087.2508452627
2020-03-01,128480.05582356332,1333.5588882074155,2864,0.0,339188.1159385004
2020-03-02,128434.77243851541,1284.5026249562964,2864,0.0,339053.7967091687
2020-03-03,127631.68919789816,1330.6697177854421,2864,0.0,340673.3789328169
2020-03-04,126823.25139478789,1337.0319925264573,2864,0.0,339087.376497394
2020-03-05,127698.40510209207,1418.784395729354,2863,0.0,340606.0048061088
2020-03-06,127974.61151389734,1279.988979846209,2864,0.0,339087.12518623273
2020-03-07,128398.15809196727,1426.475411939712,2864,0.0,338986.5115946179
2020-03-08,127683.79344106044,1276.8379344106067,2864,0.0,344012.251055805
2020-03-09,127373.59510815609,1415.2621678684027,2863,0.0,338886.02345267596
2020-03-10,127499.30215698271,1275.099754125986,2864,0.0,338987.26494902
2020-03-11,128550.4871134666,1427.9506019623973,2864,0.0,344216.6698557336
2020-03-12,127918.23961310348,1279.2930154276066,2866,0.0,338919.3521578722
2020-03-13,127056.68025005971,1411.7408916673278,2863,0.0,338885.64695122384
2020-03-14,126890.52938766926,1268.9052938766931,2864,0.0,344046.2146568021
2020-03-15,127684.86007079652,1418.5979735484325,2864,0.0,338953.3085022963
2020-03-16,128112.63119027953,1281.5145063388652,2864,0.0,338986.63717092853
2020-03-17,127715.44314602805,1418.886478588742,2864,0.0,343943.1774537086
2020-03-18,126888.45190798404,1268.884519079844,2863,0.0,338717.12176403234
2020-03-19,126646.48665949683,1407.1831851055158,2864,0.0,343635.9791248692
2020-03-20,126825.49616371423,1268.4737018232245,2864,0.0,338885.52143695
2020-03-21,128104.50742713777,1423.1405147284784,2864,0.0,343806.9415864901
2020-03-22,128034.87603709409,1280.4822490775355,2863,0.0,340707.2553082961
2020-03-23,127017.02634419185,1411.3002927132425,2864,0.0,340504.502275689
2020-03-24,126916.37351120093,1269.1637351120085,2864,0.0,343978.0326677481
2020-03-25,127410.77207108834,1415.5257008197964,2864,0.0,343909.3413684607
2020-03-26,128185.35603328676,1282.0965104536122,2863,0.0,338987.13940719946
2020-03-27,127832.04300875837,1420.2819912803186,2864,0.0,343874.9958502588
2020-03-28,127466.45540771827,1274.6645540771838,2864,0.0,343841.1596881905
2020-03-29,126710.73254761299,1401.8847987708582,2864,0.0,339054.2991476159
2020-03-30,128175.424777928,1287.221020824507,2863,0.0,344046.851715095
2020-03-31,128411.75735574636,1421.0100259586948,2864,0.0,339222.07299590606
2020-04-01,128246.13729028037,1288.958262868781,2864,0.0,339155.03885374573
2020-04-02,100701.37258304206,1118.7506947927607,2864,0.0,339222.1987215094
2020-04-03,79118.1687395933,879.0907637732624,2863,79020.68123320627,79224.9557504297
2020-04-04,79122.86926490538,879.1429918322835,2864,79044.23306316863,79193.62105800062
2020-04-05,79142.89318298393,879.3654798109308,2864,79052.19095211422,79224.9557504297
2020-04-06,114806.490263041,1177.121289408641,2863,0.0,339188.3673736832
2020-04-07,127287.52810618533,1407.8161911642333,2864,0.0,339121.3332891663
2020-04-08,126947.8377331605,1275.5416884557383,2864,0.0,340572.25466431293
2020-04-09,127364.54679328323,1409.6719120349212,2864,0.0,340504.376193585
2020-04-10,128921.71911600785,1295.048073754829,2864,0.0,340504.2501045536
2020-04-11,127943.70172592522,1415.3641862929276,2863,0.0,338952.8063119441
2020-04-12,126818.6124308045,1274.651662419503,2864,0.0,338818.1112296247
2020-04-13,126856.24026387006,1403.5118560006165,2864,0.0,343978.41476974235
2020-04-14,128087.14895046808,1286.347572116022,2864,0.0,340741.13174045074
2020-04-15,128426.23114007266,1421.2903865721858,2863,0.0,340639.2502396132
2020-04-16,128371.07429488648,1289.98156364704,2864,0.0,340707.5077288732
2020-04-17,127572.52981113849,1410.9181697700901,2864,0.0,343772.46899654414
2020-04-18,127075.80465674197,1276.8166455289918,2864,0.0,344011.48655087117
2020-04-19,127287.85163646447,1408.8666915074791,2864,0.0,344046.5969127785
2020-04-20,128311.47633287759,1288.8468186304194,2863,0.0,340572.3807764489
2020-04-21,128114.4977487822,1417.1116562773852,2864,0.0,340436.87615204044
2020-04-22,126849.02791227371,1275.014978142366,2864,0.0,338885.39591578365
2020-04-23,126371.99782486907,1398.2370936165303,2864,0.0,340606.0048061088
2020-04-24,127731.71706635844,1282.8584503476002,2863,0.0,340267.4966472597
2020-04-25,128966.572124251,1427.3100020395837,2864,0.0,343977.9052864212
2020-04-26,128182.68257831203,1288.2305879128933,2864,0.0,343840.650419704
2020-04-27,126949.32149352529,1403.9383439699252,2864,0.0,340605.62635190436
2020-04-28,127006.96595954287,1276.1545693061503,2863,0.0,340707.0028599904
2020-04-29,127344.5301293182,1409.5469400816767,2864,0.0,340706.75038396224
2020-04-30,128758.28286118055,1293.4054559192364,2864,0.0,338986.63717092853
2020-05-01,128332.17499057978,1419.5295969982171,2864,0.0,340876.6380357445
2020-05-02,127546.60773235382,1282.045551086407,2863,0.0,340674.13600053726
2020-05-03,126593.92318385465,1400.4592500581427,2864,0.0,340741.7628322349
2020-05-04,127109.90450507167,1276.5053767903876,2864,0.0,339121.71021786437
2020-05-05,128280.07027902454,1419.6576937455065,2864,0.0,340741.25797267497
2020-05-06,128416.56447532431,1290.5764517214027,2864,0.0,340741.13174045074
2020-05-07,127105.64188656984,1405.731001432947,2863,0.0,340809.01104392664
2020-05-08,126732.60595783906,1273.5185643242687,2864,0.0,340673.0003053852
2020-05-09,127571.47075483669,1412.0048414185826,2864,0.0,340571.11934332096
2020-05-10,128334.3651027551,1289.043391187652,2863,0.0,340538.2523410706
2020-05-11,128331.5840538473,1419.6431000095322,2864,0.0,340572.3807764489
2020-05-12,126986.38581885974,1276.3619566415382,2864,0.0,340538.5045353158
2020-05-13,126319.6521289526,1397.593296089473,2864,0.0,343909.7234004172
2020-05-14,127406.97162602001,1279.5534670554282,2864,0.0,340538.2523410706
2020-05-15,128427.6769758485,1421.2237541468623,2863,0.0,340606.383197944
2020-05-16,127906.1596306078,1285.4173391923434,2864,0.0,340605.8786616362
2020-05-17,127335.2817845479,1408.3437048506842,2864,0.0,340741.6366277469
2020-05-18,126747.81172343952,1273.6382532335276,2864,0.0,340775.13447996817
2020-05-19,127680.3241076727,1413.237130597744,2863,0.0,340740.6267422285
2020-05-20,128228.73459463475,1288.005906667764,2864,0.0,340706.87662544154
2020-05-21,127574.11184162326,1411.0997329279571,2864,0.0,340503.7456791715
2020-05-22,126868.08449106765,1275.1938510168686,2864,0.0,343977.6505027744
2020-05-23,127088.80905701022,1405.9422664092874,2863,0.0,344182.70631838724
2020-05-24,127335.9193921794,1278.7954762655036,2864,0.0,343841.0323815574
2020-05-25,128094.95179702945,1417.7591212614284,2864,0.0,340740.8792552033
2020-05-26,128173.56552453978,1288.2059500703604,2864,0.0,340537.8739977467
2020-05-27,127335.69123132447,1408.3272309416993,2863,0.0,340774.6294356007
2020-05-28,126738.1279010901,1273.5976123767246,2865,0.0,340842.50878088555
2020-05-29,127450.01771937829,1410.517149381116,2864,0.0,340910.1357359862
2020-05-30,128486.84918337766,1290.549466383075,2864,0.0,344080.3056707252
2020-05-31,128024.78195792639,1416.2089280319015,2863,0.0,339154.66180783266
2020-06-01,126720.46548636969,1273.621529268386,2864,0.0,340943.8860819965
2020-06-02,126712.49329201806,1401.7572905344637,2864,0.0,340842.6350823747
2020-06-03,127204.76359060236,1277.4741196750408,2864,0.0,340842.76137692854
2020-06-04,128112.70567570708,1417.8274041430984,2864,0.0,340875.88005361805
2020-06-05,127787.46560714759,1284.2202966542802,2863,0.0,343943.9416926151
2020-06-06,126861.95486318799,1403.041520519702,2864,0.0,340876.76434182
2020-06-07,126291.10115597397,1268.7681781952342,2864,0.0,341079.3934416879
2020-06-08,127186.41147559416,1407.7521272430965,2864,0.0,340977.6364408097
2020-06-09,128108.13482671953,1286.5802475475657,2863,0.0,340978.1419837208
2020-06-10,127771.94247172629,1324.5500544820668,2864,0.0,340909.8830244826
2020-06-11,127044.51020771668,1359.4788375927694,2864,0.0,340841.7508263235
2020-06-12,126535.95332428698,1347.557339534382,2864,0.0,340841.4981193363
2020-06-13,127550.1438354741,1305.2044874947965,2864,0.0,340842.6350823747
2020-06-14,128340.0884763658,1289.0202902819274,2863,0.0,340977.13078688545
2020-06-15,213731.55151731093,2374.7950168590305,2864,0.0,340909.8830244826
2020-06-16,249445.1208616471,2771.6124540183155,2864,249135.80821746725,249755.18463501593
2020-06-17,249535.3232228176,2772.6147024757893,2863,249308.91031043974,249804.70964947462
2020-06-18,249523.7330844235,2772.48592316028,2864,249210.1397421149,249904.2234549925
2020-06-19,249524.6146804496,2772.4957186717024,2864,249284.6561742508,249779.9934401065
2020-06-20,249524.54428566401,2772.494936507406,2864,249284.2869140445,249755.36984013583
2020-06-21,249516.88425944408,2772.4098251049386,2863,249309.37199143763,249804.802286683
2020-06-22,249546.76518456553,2772.7418353840617,2864,249308.91031043974,249805.1727846802
2020-06-23,249491.5081701025,2772.1278685567017,2864,249234.7631662228,249805.1727846802
2020-06-24,249565.32424121472,2772.948047124614,2863,249234.9477421386,249854.69806644716
2020-06-25,249551.55169012622,2772.7950187791917,2864,249284.2869140445,249804.9875458492
2020-06-26,249576.3582219891,2773.0706469110023,2864,249284.37923669943,249904.1307739292
2020-06-27,249637.526241243,2773.7502915693535,2863,249383.42711735916,249978.3726423058
2020-06-28,249607.97294947237,2773.4219216608262,2864,249334.18015760236,249929.1252254261
2020-06-29,249674.75554491996,2774.163950499088,2864,249383.51949925456,249879.4144155
2020-06-30,249647.05427421196,2773.8561586023657,2864,249333.81076877058,249953.56351891859
2020-07-01,163703.24211626925,1729.4201733238444,2863,0.0,341214.395564883
2020-07-02,127060.57261620613,1405.7612022216124,2864,0.0,344352.9065840851
2020-07-03,127493.87511286623,1280.3243660359783,2864,0.0,341180.64501487795
2020-07-04,128453.42657108934,1421.5102119375474,2864,0.0,344523.87336225034
2020-07-05,127917.12386299433,1285.3501804063317,2863,0.0,344592.56713757507
2020-07-06,127116.67447127831,1405.883946338687,2864,0.0,341145.88226516155
2020-07-07,126860.41794161226,1274.7089729035608,2864,0.0,341349.5245405936
2020-07-08,127393.53246219833,1409.937467477808,2864,0.0,342937.8277782071
2020-07-09,128504.87261352233,1290.6372158612464,2864,0.0,344284.46916797507
2020-07-10,128229.39776372955,1418.548700428968,2863,0.0,341045.0107429873
2020-07-11,127335.55765445081,1279.8908803016195,2864,0.0,344592.4393434807
2020-07-12,127014.12997177614,1405.2007706808881,2864,0.0,341349.7778150106
2020-07-13,127327.76403929493,1278.847707987143,2864,0.0,341349.5245405936
2020-07-14,128130.41881125593,1417.9668214986802,2863,0.0,341316.027137636
2020-07-15,127839.85857341543,1284.765426798621,2864,0.0,341315.77391398116
2020-07-16,127332.48898917664,1408.2967336555002,2864,0.0,341248.272699175
2020-07-17,126825.25215383997,1274.2831196449763,2864,0.0,344387.89136640215
2020-07-18,127188.96095485686,1407.5921195546264,2864,0.0,341248.3992637102
2020-07-19,128179.44949402577,1287.3439300430819,2863,0.0,341315.77391398116
2020-07-20,128043.8424344327,1416.4688688239207,2864,0.0,344695.22494866163
2020-07-21,125578.9701222849,1313.0199211369381,2864,0.0,407837.99772209564
2020-07-22,126175.62459450064,1267.5285781414518,2864,0.0,403620.05912839284
2020-07-23,128342.86501898427,1420.3356430094796,2863,0.0,423007.32924927596
2020-07-24,127818.82574776493,1283.623791818445,2864,0.0,409708.64710060926
2020-07-25,126029.00309531053,1394.201085400087,2864,0.0,409176.99703531055
2020-07-26,126087.41139152627,1267.359853408549,2864,0.0,416905.0095554323
2020-07-27,127242.46984833915,1407.668171258772,2864,0.0,383835.18750368065
2020-07-28,126272.48772589583,1268.432290930514,2863,0.0,388783.1022534032
2020-07-29,132138.15698628017,1462.2806019025911,2864,0.0,421468.4502713746
2020-07-30,130386.7442012112,1310.1381017555004,2864,0.0,409741.61798954743
2020-07-31,127597.42619786566,1411.1586722623488,2864,0.0,358828.43603203347
2020-08-01,127681.19102800317,1282.711487072897,2863,0.0,359853.0742273048
2020-08-02,129596.99206328494,1434.081352414573,2864,0.0,415239.5451386257
2020-08-03,130962.79805626789,1315.836737868458,2864,0.0,414168.1677139522
2020-08-04,129688.22504565655,1434.5379534799356,2864,0.0,406462.72636539745
2020-08-05,127128.04830046934,1277.7611081649507,2863,0.0,409202.0952223396
2020-08-06,127575.26650832516,1411.6110245241262,2864,0.0,371336.4574282576
2020-08-07,128149.6758056221,1281.4990427458413,2028,0.0,357667.24285788654
2020-08-08,126544.59608524031,1265.931479632866,2751,0.0,353721.4724475915
2020-08-09,127904.58500472127,1279.0514721328186,1906,0.0,356383.0344999292
2020-08-10,217372.05547620525,2174.5903909184162,1631,0.0,346596.31624910067
2020-08-11,1881.1186099195834,18.818713584629688,559,0.0,269119.58818630583
