day,avg_abs_power,avg_rel_power,sample_count,min_abs_power,max_abs_power,avg_abs_flow,total_flow_volume
2019-03-06,0.0,0.0,915,0.0,0.0,0.0,10204.716771907539
2019-03-07,45628.318731353815,506.7217284454718,2874,0.0,340910.76739334123,0.00041668026287074384,50939.78027400259
2019-03-08,127033.85263848265,1323.281027251427,2876,0.0,335911.5238440866,0.0011597876123579402,279247.1604641188
2019-03-09,127370.8520846022,1273.708520846023,2883,0.0,335978.8740445811,0.0011628499120777715,567742.2584118836
2019-03-10,126790.76615698427,1408.786290633161,2877,0.0,340978.6474155906,0.0011575211499475744,855742.7071981663
2019-03-11,126623.56937385372,1266.33153315362,2877,0.0,336045.4773188791,0.0011557944198813774,1144463.0296299437
2019-03-12,128006.80923322566,1422.0738544810163,2871,0.0,336046.2246602261,0.0011683673994290903,1429361.810590486
2019-03-13,127966.87226753206,1279.7872024860844,2877,0.0,340910.388419743,0.0011680345317430561,1721425.3097099005
2019-03-14,126658.92868382602,1407.3214298202888,2910,0.0,339626.67080375866,0.0011561123597163072,2033909.0849170787
2019-03-15,148264.62836294994,1522.5363655079025,2868,0.0,341113.2704232185,0.0013533233747434004,2324347.7375473436
2019-03-16,126906.17497437855,1269.1256903755693,2875,0.0,340809.13730614726,0.0011585451075290655,2635436.22128038
2019-03-17,127866.94265931382,1420.495408700502,2869,0.0,339457.7622006212,0.0011670941593836684,2917202.7339797774
2019-03-18,128195.15056011223,1282.1133214297383,2886,0.0,339222.4501520041,0.0011700626466173427,3224149.7157860105
2019-03-19,127624.66226505254,1418.022627267845,2889,0.0,339593.0904076001,0.0011647772826828395,3518003.8585097976
2019-03-20,127655.1355201971,1276.5513552019693,2881,0.0,339356.7702424875,0.0011649231321944461,3798892.4995122785
2019-03-21,126994.56510156835,1410.955252395856,2886,0.0,340978.0156084017,0.0011592170820637678,4095410.513382811
2019-03-22,127713.9042299224,1277.3891942571843,2982,0.0,336179.1828981901,0.001166066447358451,4530090.686770725
2019-03-23,127960.59736327028,1421.6322536329908,2867,0.0,339088.00465455523,0.0011684676227507293,4643697.204117996
2019-03-24,126633.85950645173,1266.3385950645163,2883,0.0,339256.1558856751,0.001156126408124254,4959666.568846494
2019-03-25,126472.0064804816,1405.2445164497958,2891,0.0,335912.5198823959,0.0011545530895296634,5263265.889481562
2019-03-26,128121.90794744759,1281.3212453500832,2904,0.0,339526.30722205463,0.0011695500381403998,5578063.268825891
2019-03-27,127888.7580542897,1420.748315343333,2897,0.0,340843.14021897025,0.0011674269436418895,5856385.207613789
2019-03-28,128225.27309604526,1282.3942287934017,2867,0.0,336145.9433197981,0.001170556796273277,6084915.764471314
2019-03-29,126867.96073120717,1409.6440081245253,2867,0.0,339189.24717938964,0.0011583507588422983,6373426.815986384
2019-03-30,126045.82971780268,1260.4582971780274,2867,0.0,336045.3527380351,0.001151118160741907,6660478.857064277
2019-03-31,126430.8159718111,1399.359111190599,2867,0.0,339491.9717404764,0.001154309496673993,6946837.24200964
2019-04-01,127620.22151081012,1281.9454489717427,2867,0.0,339222.5758568948,0.0011654078883003736,7233239.752248111
2019-04-02,127479.77682418669,1410.049801187912,2867,0.0,335778.44297381036,0.0011641850911992436,7521085.638627593
2019-04-03,126724.84953052645,1273.8115725216985,2867,0.0,335978.74950689136,0.0011574734156307208,7808455.83679322
2019-04-04,126268.50293120278,1397.0504942398777,2867,0.0,339424.811214269,0.0011529605814862046,8096267.370294809
2019-04-05,127029.95744602951,1275.7400579268765,2867,0.0,339289.6101717722,0.0011600012607590616,8383088.094936346
2019-04-06,127834.52785069177,1414.7449821591974,2867,0.0,339390.60195244255,0.0011672503090446706,8670671.959276231
2019-04-07,128030.2644554348,1286.6570260815347,2867,0.0,339424.6853992697,0.0011687363091092628,8959119.971803842
2019-04-08,127252.96196420192,1407.3813950564113,2867,0.0,339390.97938386607,0.0011617504637871383,9247217.839602467
2019-04-09,126301.32529381436,1268.9574152320606,2867,0.0,336111.70684423245,0.0011532512014250432,9535679.886494197
2019-04-10,127270.22556319926,1408.6634316129105,2866,0.0,341079.64632384223,0.0011621283933040305,9819387.75281062
2019-04-11,128194.95219586224,1287.6860192820432,2870,0.0,341012.01885067805,0.0011706149909528952,10121408.695819683
2019-04-12,127401.56959569445,1409.2850641001696,2866,0.0,339357.02184745914,0.0011631980284282778,10395167.439695774
2019-04-13,127750.35333946567,1284.0100302867593,2867,0.0,339289.98741730466,0.0011662358809562902,10687494.645085113
2019-04-14,126239.85034204155,1396.71015824361,2867,0.0,339458.1397835848,0.0011522641903120175,10975492.768388465
2019-04-15,127095.46583953664,1276.2668240797334,2868,0.0,339457.88806851994,0.0011601394641108102,11267011.863336604
2019-04-16,128296.4408908892,1361.7022960709044,2867,0.0,339323.441755212,0.0011714341394848534,11550678.499434501
2019-04-17,127588.41256721318,1411.2483192666746,2867,0.0,337063.81446478615,0.001165649157683554,11839093.39236018
2019-04-18,126302.37069350497,1269.4825223055454,2868,0.0,335879.1560989287,0.0011541262770959706,12130745.956678648
2019-04-19,126275.36845371111,1396.9718339384624,2867,0.0,336011.73967641627,0.0011534595704377822,12413385.88977984
2019-04-20,127387.58225824029,1279.165670025582,2867,0.0,340605.3740144561,0.001163472249839844,12700987.462259792
2019-04-21,128059.13956271422,1417.0812003242586,2867,0.0,339357.52497450646,0.0011695094678144634,12989650.173687546
2019-04-22,127892.5100047906,1285.2416742859175,2867,0.0,336078.59210366925,0.0011680673349104384,13277787.063842105
2019-04-23,126998.44214632096,1404.623684311663,2867,0.0,335911.6483728086,0.0011600780282900718,13566167.334400356
2019-04-24,126619.48707006482,1266.1948707006495,2867,0.0,340605.3740144561,0.0011571553787165251,13854420.590880822
2019-04-25,127218.10393074657,1277.7089463967875,2867,0.0,340741.00550129364,0.0011626936077395753,14142249.207080485
2019-04-26,128030.23303328826,1417.024490548074,2867,0.0,340876.13274206995,0.0011692133644805554,14430360.456205465
2019-04-27,128340.13484836793,1289.9343144659495,2867,0.0,339222.3244402084,0.0011718399107201963,14718807.210173065
2019-04-28,127079.25676231136,1405.4619901947096,2867,0.0,339627.0485995591,0.0011596558068694997,15007562.942150269
2019-04-29,126471.6328697397,1270.7679441379494,2867,0.0,339627.4263331006,0.0011542765963035578,15295755.39566284
2019-04-30,126402.97433706286,1398.995357266591,2867,0.0,340774.8819716518,0.0011542217623528425,15581111.961307716
2019-05-01,128592.25291528126,1291.7970938927554,2867,0.0,340639.5026140179,0.0011743184052928845,15869644.861111075
2019-05-02,127398.26823635849,1409.2531651266654,2867,0.0,339256.0301555202,0.0011636367516920094,16157783.992389273
2019-05-03,127121.55042425712,1277.8756228127174,2867,0.0,341181.27754898375,0.0011606757183529608,16445528.21130926
2019-05-04,126556.6666441224,1400.1298945150234,2866,0.0,339660.3771767494,0.0011553704934420877,16727791.293936478
2019-05-05,127161.927200388,1276.9910316516293,2867,0.0,336045.6018928796,0.001160571533846579,17020747.14783596
2019-05-06,127420.10339439048,1410.2338319759306,2867,0.0,339357.650738995,0.0011631322793453603,17308133.9474234
2019-05-07,127528.73451033363,1281.64116314243,2867,0.0,339491.59412321605,0.0011643276594711174,17595436.037258748
2019-05-08,126599.969034804,1400.0569819502907,2867,0.0,340978.6474155906,0.001155894197849889,17882110.82422794
2019-05-09,125656.39563064049,1262.1971435657638,2868,0.0,335912.39540154336,0.0011475046454515472,18175740.5862756
2019-05-10,126906.9818166896,1404.6024629231506,2867,0.0,339391.1051805211,0.0011593487367454571,18455212.667005137
2019-05-11,127844.22880966606,1284.0632355588186,2867,0.0,336112.2053538792,0.001167497061822925,18742969.36414379
2019-05-12,127927.32614392518,1415.0982912895943,2867,0.0,341012.3979903376,0.0011678479991075468,19031293.16305568
2019-05-13,127086.79773907573,1277.3756804341647,2867,0.0,335911.89740974084,0.001160099961870357,19319459.516981363
2019-05-14,126669.95251133491,1401.356166074647,2869,0.0,339290.61602171377,0.0011564254316109074,19621020.576492786
2019-05-15,127531.28589206522,1280.7247362467256,2866,0.0,341113.64979136875,0.0011642566929358758,19889037.79498054
2019-05-16,127678.70685176803,1412.9624159290092,2867,0.0,340808.6322156549,0.001165901393856885,20183519.084728196
2019-05-17,127817.06727312511,1284.6526039228647,2867,0.0,340706.75038396224,0.0011677876817617568,20471870.587114587
2019-05-18,127306.02634150337,1408.1428040479968,2867,0.0,340742.0152204065,0.0011631103457650732,20761185.30544296
2019-05-19,126630.05248640562,1272.2256125447923,2867,0.0,341012.3979903376,0.0011565083380979874,21049669.13190598
2019-05-20,127718.71238088456,1413.5954938255359,2867,0.0,341249.7910150599,0.0011661974971907806,21338046.458116185
2019-05-21,127915.64716329762,1284.641166691316,2867,0.0,341080.2784077209,0.001168056368120298,21626458.501944385
2019-05-22,128149.14535819282,1417.5371911595755,2867,0.0,341350.53747148416,0.0011706335638042937,21914865.90337576
2019-05-23,126936.70438247216,1275.8961512684928,2867,0.0,341215.53422969306,0.0011599683603886275,22203669.042836636
2019-05-24,127011.49338124842,1405.1294885150214,2867,0.0,340267.4966472597,0.0011616736962561216,22492197.465431236
2019-05-25,127324.41623948928,1278.5148157299323,2867,0.0,340876.5117227303,0.0011635599841609955,22781040.737910047
2019-05-26,128564.19094080635,1422.8474216646432,2867,0.0,340943.8860819965,0.0011741539034407157,23069748.32346145
2019-05-27,128042.69891423234,1286.7423288304833,2867,0.0,341148.0326855848,0.0011695697851602596,23359467.173467115
2019-05-28,127432.91384680104,1409.3371308761825,2867,0.0,340944.77053147426,0.0011636915856427397,23648149.45086208
2019-05-29,127221.54368115826,1278.4180814745237,2867,0.0,341350.79063470423,0.0011612843752059788,23937205.566993706
2019-05-30,127521.1554041771,1411.5460771347716,2866,0.0,341080.152004834,0.001164130530844293,24217647.99362317
2019-05-31,128443.90508171661,1290.2654629048557,2867,0.0,341113.9026687471,0.0011724814679436567,24514335.09668384
2019-06-01,128365.01524246021,1419.9168234354277,2868,0.0,340876.76434182,0.0011719575417808142,24812227.775805928
2019-06-02,127441.62996862119,1280.8737257418386,2867,0.0,336045.85102035076,0.0011634119324940467,25092647.1142782
2019-06-03,127067.46018548399,1405.8053240265895,2868,0.0,336045.2281503494,0.0011595967972790181,25390373.673090126
2019-06-04,127826.43204008265,1283.6455651271183,2867,0.0,335912.5198823959,0.0011666471355867188,25670401.76524794
2019-06-05,128821.59936379944,1425.6626775859613,2867,0.0,341249.2850209437,0.0011759743906047278,25959723.033459254
2019-06-06,128112.95550833509,1287.4580049313406,2867,0.0,341317.03975430614,0.0011693559327524404,26249022.44720604
2019-06-07,134741.80417269943,1437.012083731866,2867,0.0,341249.15850503976,0.0012297939132395513,26546150.179538958
2019-06-08,127901.07108736142,1415.034899642285,2867,0.0,341419.55834021856,0.0011670912905875754,26843990.449190732
2019-06-09,128103.06065788282,1286.5682736121084,2867,0.0,341419.4317808895,0.0011685498736768126,27133607.181529112
2019-06-10,129181.61918267094,1429.763467818462,2866,0.0,341486.9340879282,0.0011782716557177456,27414249.115777284
2019-06-11,171842.8208714127,1718.4282087141275,2867,0.0,341418.54567080096,0.0015674723485831466,27734155.51661855
2019-06-12,197255.3715489874,2018.9803570255183,2867,0.0,341180.89804935537,0.0017996667129205196,28208801.422569267
2019-06-13,126016.5024800289,1266.4807857209541,2867,0.0,341181.78345124057,0.0011500324485175853,28546072.74881563
2019-06-14,138224.62620348562,1491.4403607063357,2867,0.0,341181.78345124057,0.0012616414718195914,28843661.940811984
2019-06-15,127986.41672821462,1416.023994732621,2867,0.0,341215.78718989453,0.0011681550692316032,29146534.824401997
2019-06-16,127606.42679833608,1282.5353479297687,2867,0.0,341452.92973774613,0.0011643386262612677,29433455.824428085
2019-06-17,125759.30787861138,1390.7834913401914,2870,0.0,341317.4193708719,0.0011475704614478323,29750258.418225583
2019-06-18,126095.39223341513,1266.88481134504,2867,0.0,341249.5380319017,0.001150756256667135,30004701.040851995
2019-06-19,126436.73438730591,1399.4558716558058,2867,0.0,341283.1623593234,0.0011539640427844406,30290978.080225617
2019-06-20,127251.089950385,1278.4958632132334,2867,0.0,341114.0290970185,0.0011615749951448212,30577363.86389415
2019-06-21,126750.23459273417,1402.0805542644232,2867,0.0,341148.0326855848,0.0011569908768643605,30863986.634998202
2019-06-22,125281.83032292097,1259.3022931709238,2867,0.0,341147.90624582226,0.0011435236585667456,31148521.020605437
2019-06-23,125579.73634526569,1389.8583271238533,2867,0.0,341350.79063470423,0.0011457115332006022,31434042.593983818
2019-06-24,127142.22868594235,1276.8367731539922,2867,0.0,343006.5603406973,0.0011602315633521087,31719297.283892684
2019-06-25,129206.55359097502,1429.8201899725289,2867,0.0,342973.02054721426,0.0011792424940678394,32008540.9993784
2019-06-26,129117.05345703951,1297.6179908410174,2867,0.0,342904.28818259906,0.0011787928556719041,32299867.695728295
2019-06-27,125321.84567148495,1358.7099288817417,2870,0.0,341012.1452375061,0.001144404372060165,32622140.96642898
2019-06-28,127723.0125728546,1323.5969739551615,2869,0.0,342802.2708002252,0.0011664968859747221,32898241.39688922
2019-06-29,127786.15573401148,1414.4188969134987,2867,0.0,342666.332894664,0.00116670745293251,33164471.090352852
2019-06-30,129135.88392889708,1297.1097519536886,2867,0.0,342870.6212916481,0.001179379578944644,33453809.34540692
2019-07-01,128693.31866534305,1423.5205424104295,2867,0.0,341079.2669901968,0.0011755247522088064,33744552.2416199
2019-07-02,127916.62656246194,1285.6590614797574,2867,0.0,337600.61230955564,0.0011686485747881164,34035191.251165316
2019-07-03,127678.81760633152,1412.41476271465,2867,0.0,342564.1894646908,0.0011665868182409236,34325390.71295748
2019-07-04,128433.60496378213,1289.7130607675392,2866,0.0,342156.12763965974,0.0011733074516795492,34604018.67305965
2019-07-05,129386.15112834713,1431.8632404167868,2867,0.0,341148.0326855848,0.0011827079997535437,34906990.547143675
2019-07-06,128795.15897764405,1294.2998282613787,2867,0.0,341181.9099094356,0.001176676265173991,35198182.897977106
2019-07-07,128187.22765291965,1417.736519337097,2867,0.0,342768.4768370224,0.001170167475223146,35488721.35635693
2019-07-08,127691.99941873623,1283.023460527961,2867,0.0,342939.48055069224,0.0011655943237328327,35779179.11384698
2019-07-09,128358.3503575145,1420.8465822712858,2867,0.0,343108.96034392883,0.001171741209608902,36069487.19780043
2019-07-10,129246.7223149042,1298.4046381624028,2867,0.0,341215.6607132679,0.001179873084501153,36359658.75254257
2019-07-11,128645.69141581797,1422.896746862404,2873,0.0,342394.0783863221,0.0011743666259599668,36726600.16049055
2019-07-12,127592.96720824302,1282.4583107299725,2867,0.0,341249.5380319017,0.0011649417997192256,36940174.05944088
2019-07-13,127397.69662438447,1409.3305399831163,2867,0.0,341147.7797991131,0.001163543533975785,37229644.29825096
2019-07-14,128210.34031906654,1287.5438826888574,2867,0.0,341316.9132015473,0.0011701565084330018,37519454.11120029
2019-07-15,128877.4012390277,1426.252813456843,2867,0.0,341181.6569860967,0.0011763198444942847,37809289.717906564
2019-07-16,128778.36122726071,1294.133656319706,2869,0.0,341080.152004834,0.0011755600989876343,38126314.94956133
2019-07-17,127037.78207546225,1405.896724437869,3332,0.0,341384.28831393097,0.001159689561346193,44606862.039112985
2019-07-18,127634.55314106906,1282.4717484165662,2871,0.0,341317.03975430614,0.0011652900249101569,38733283.59821915
2019-07-19,127870.07341630156,1415.3296008283128,2867,0.0,341182.2892423301,0.0011676451134898739,38969172.126403816
2019-07-20,129239.12195913937,1298.1404014145296,2867,0.0,342495.96723413485,0.0011801637044399828,39259418.57647071
2019-07-21,128834.89729015362,1425.1260154573943,2867,0.0,343006.8146944715,0.0011760621249258907,39549913.48689252
2019-07-22,128099.15104694905,1287.586692790378,2866,0.0,342870.7483839571,0.0011693690002989704,39826727.833635226
2019-07-23,127692.12320441606,1412.735656055769,2868,0.0,342972.89340631035,0.0011659827251480183,40145066.82053466
2019-07-24,128325.9843636016,1288.5986237800175,2866,0.0,342904.54243918566,0.0011726382440633524,40407430.68651548
2019-07-25,129588.76469035722,1434.1070736282024,2867,0.0,342019.9396345494,0.0011843530182752357,40712572.70345031
2019-07-26,128791.02936507165,1294.2694692076402,2867,0.0,342462.30027977366,0.0011770052688783294,41003971.10275641
2019-07-27,128118.26370125654,1416.9040861577266,2867,0.0,343006.8146944715,0.001169904272259678,41294743.964331105
2019-07-28,127558.11937143265,1281.5965155729139,2867,0.0,343143.3907079317,0.0011637409361983885,41585008.38405352
2019-07-29,128722.8398750146,1424.7419239981648,2867,0.0,343143.6451399284,0.0011745761248612937,41875052.535988644
2019-07-30,129064.41519076184,1296.3895700975324,2867,0.0,342700.12679834303,0.0011779758298061313,42166126.31891139
2019-07-31,129378.97263907609,1420.957415017888,2867,0.0,342904.41531438264,0.0011806352764162052,42456490.6598481
2019-08-01,128256.33369227058,1398.4348254288282,2867,0.0,341351.04377011524,0.0011704306781866191,42747546.44363552
2019-08-02,127851.83201655516,1318.3331527742291,2867,0.0,341350.66405656957,0.0011665429510803447,43038140.58404863
2019-08-03,128491.12156698131,1348.536866017964,2867,0.0,342870.49419235653,0.0011723772834372915,43328415.20658091
2019-08-04,129349.25862130796,1361.4853823344279,2867,0.0,341316.66007517773,0.0011800869369089735,43619045.87927266
2019-08-05,129212.00774256897,1378.6181924010173,2867,0.0,341316.66007517773,0.0011793411951791374,43910224.23833259
2019-08-06,128203.86727218133,1417.8352859077675,2867,0.0,342973.14768113225,0.001170046840531557,44201456.76089612
2019-08-07,128208.09629342874,1288.2374390694526,2867,0.0,342904.54243918566,0.0011699371726301086,44492529.0975557
2019-08-08,128777.57311692521,1425.3125566373799,2867,0.0,343040.86318740866,0.0011753054164059086,44783487.66786922
2019-08-09,129612.65465987888,1301.7358532943292,2867,0.0,343075.03894067137,0.0011838814462990215,45074942.85808489
2019-08-10,129026.90576535047,1427.3014929715587,2867,0.0,342973.02054721426,0.0011780635641272857,45366264.459715
2019-08-11,128053.33728732106,1287.0599377235778,2867,0.0,343176.93046198494,0.0011684347223802917,45656787.681912586
2019-08-12,128110.19215751407,1417.3749855722858,2867,0.0,343142.8817600474,0.0011689227445417325,45947362.717699
2019-08-13,128336.97689284224,1288.8931192960913,2867,0.0,343143.0090075045,0.0011709790176938502,46237765.72081525
2019-08-14,129096.04982549499,1428.7089463985085,2867,0.0,342802.77903516137,0.0011779977633864186,46527763.25309141
2019-08-15,128314.27134727204,1289.5462918287155,2867,0.0,342496.22101774573,0.0011709845010889203,46818066.08720921
2019-08-16,127938.5676171643,1414.9484380002577,2867,0.0,341249.6645269557,0.0011676889806504554,47108071.52829061
2019-08-17,128390.18968206896,1289.9579378476183,2866,0.0,342904.6695570063,0.001171628947330723,47382287.20179703
2019-08-18,128541.60230125806,1422.692335181096,2867,0.0,342530.52246830706,0.0011731339919572716,47689280.070692144
2019-08-19,129569.1846731464,1301.5498152324444,2859,0.0,342939.3534562491,0.001182998623528256,47845786.91961268
2019-08-20,129470.2054793578,1432.1519593634232,2867,0.0,342871.00254763314,0.0011817813059863214,48269963.93289112
2019-08-21,127933.52370727524,1285.8835841009816,2867,0.0,342972.7662584231,0.0011675135120081392,48561063.93823323
2019-08-22,127652.94839840238,1412.2694833541048,2867,0.0,341520.3053126032,0.0011650076004600923,48850973.149908535
2019-08-23,128465.14402847609,1289.9707792629758,2867,0.0,342666.07891157543,0.0011728817557839452,49141258.94074217
2019-08-24,129386.58230332077,1431.926052091921,2867,0.0,341350.9172058859,0.0011809971804909775,49432243.417415336
2019-08-25,128623.49896563806,1292.5313284096846,2867,0.0,342802.39786942775,0.0011739126340575357,49722691.77852337
2019-08-26,127967.3014797318,1415.3507235829904,2867,0.0,341385.1744411465,0.0011686321246028942,50013009.89586728
2019-08-27,127962.06406320588,1285.5961596427485,2867,0.0,342700.5078181507,0.001169120146764333,50303458.07020445
2019-08-28,128044.95589751776,1417.3631461062898,2867,0.0,342835.93760961073,0.001170441644976764,50594126.263188094
2019-08-29,129276.99732465496,1298.463644544697,2867,0.0,342598.49109874165,0.0011818032395666115,50884692.62366329
2019-08-30,128948.42784019226,1426.4388898171671,2867,0.0,342734.6828286726,0.0011784474017823491,51176038.99413665
2019-08-31,128188.40221354837,1288.4289390298047,2867,0.0,340944.2651734074,0.0011718015269546992,51466957.50802526
2019-09-01,127554.42712494252,1411.3700334632458,2867,0.0,342802.1437240456,0.0011645524786690858,51757575.28770445
2019-09-02,128441.80555533787,1289.7448082702224,2867,0.0,342768.09568503243,0.0011724101838077223,52047380.85874682
2019-09-03,129130.56201653907,1429.0832939571844,2867,0.0,341351.29687771667,0.001179012191474795,52337841.462993786
2019-09-04,129152.85545521024,1297.958509396882,2867,0.0,341317.1663001122,0.0011790560586353728,52628797.41613663
2019-09-05,128248.93232694393,1418.408543322954,2867,0.0,341350.79063470423,0.001170562279668347,52919923.518165834
2019-09-06,127681.38782162235,1282.924753049336,2867,0.0,341351.170327393,0.0011652379030531285,53210341.582041144
2019-09-07,128193.74806131655,1418.8602355506634,2867,0.0,341384.9212967098,0.0011699700730005377,53499792.950998746
2019-09-08,129136.42557868801,1297.0727114066021,2867,0.0,341385.1744411465,0.0011780196969667068,53790302.112872146
2019-09-09,128611.69303022609,1422.6118220057585,2867,0.0,341520.93852453027,0.0011735726635630497,54080316.268420175
2019-09-10,128297.3972582822,1289.5321551510424,2867,0.0,341385.04787240573,0.0011712477040523941,54370966.99552814
2019-09-11,127861.25425383325,1414.5380298588098,2867,0.0,341554.18310367846,0.0011677602647863943,54661522.899193466
2019-09-12,127964.54638588245,1285.0848435169908,2867,0.0,341452.92973774613,0.0011690762796037566,54951739.99153498
2019-09-13,129300.48820529043,1431.04156772494,2866,0.0,341317.92542895203,0.0011815189582488033,55222613.7208855
2019-09-14,128700.97038781745,1293.4616987500826,2867,0.0,341249.5380319017,0.0011762869441238513,55532637.275889985
2019-09-15,127701.37977961305,1412.2945856131885,2867,0.0,341215.9136595709,0.0011674312610820581,55823020.4084138
2019-09-16,127109.22533506226,1277.0890282682983,2867,0.0,340605.5001866447,0.0011624907221218972,56112909.61497899
2019-09-17,127633.02097926226,1412.844225930696,2867,0.0,340640.13342875266,0.0011677492979962503,56402230.00992316
2019-09-18,128856.53936021792,1294.1625121565091,2867,0.0,341045.7693620567,0.0011777619773983077,56691840.4590521
2019-09-19,128304.44414863894,1419.201843676208,2867,0.0,341046.0221795499,0.0011727940214627847,56982083.02492369
2019-09-20,127712.89507121399,1283.6683144024644,2867,0.0,340571.3716853624,0.0011672722426249592,57271668.302231416
2019-09-21,127394.21714421964,1409.5330812397774,2867,0.0,341080.0255950016,0.0011646676299656112,57562074.09418906
2019-09-22,127996.48901721585,1285.463479437219,2867,0.0,340707.76012171997,0.0011704855121373342,57851802.918141946
2019-09-23,128868.81080952163,1426.1598106099793,2867,0.0,340741.7628322349,0.0011784638519675647,58142000.2224928
2019-09-24,128903.56693928143,1295.4040209704574,2867,0.0,340843.3927456448,0.001178129364868153,58432456.3488913
2019-09-25,127799.97490462061,1413.4802823400034,2867,0.0,341249.4115298967,0.001168412788800006,58723356.21178079
2019-09-26,127445.34870373353,1280.5689010701467,2867,0.0,340605.7525102341,0.0011650076004600933,59013172.2841005
2019-09-27,98757.72566949013,1053.9520752843257,2867,0.0,341012.3979903376,0.0009030274340898807,59269279.948647335
2019-09-28,127639.3821918655,1332.3746501040766,2867,0.0,340741.3841979658,0.0011671351577481534,59524835.34674108
2019-09-29,127900.9874904146,1371.608855535195,2867,0.0,340944.3915233341,0.0011693614161475171,59814312.364249825
2019-09-30,127824.70706691757,1325.6167266602686,2867,0.0,340876.76434182,0.0011688240434304213,60104301.315344416
2019-10-01,127113.53636562124,1353.3800080624515,2867,0.0,340978.6474155906,0.001162052050516114,60394626.989289284
2019-10-02,127292.39384834297,1315.5792443912542,2867,0.0,340673.63131645066,0.0011641686410140302,60683122.76378925
2019-10-03,129062.86720611271,1428.0913788960693,2867,0.0,340876.8906409591,0.0011800266195631719,60972793.58001596
2019-10-04,128634.80926555462,1292.7862453480743,2867,0.0,340876.6380357445,0.001175513785418653,61263468.308409035
2019-10-05,127194.4038154918,1406.7324506337634,2867,0.0,340640.25957090594,0.0011629732608882612,61552982.335682854
2019-10-06,127202.80346473315,1277.9576225291214,2867,0.0,340978.0156084017,0.001162370087430307,61842604.04860848
2019-10-07,126509.77955299678,1357.7675498907897,2867,0.0,341045.516516796,0.00115597096538091,62130473.36112067
2019-10-08,129182.97845749791,1429.329591918968,2867,0.0,341046.1485778825,0.0011808600956141665,62418394.20267362
2019-10-09,128297.2600864234,1289.3570939617573,2867,0.0,340538.6306220449,0.001173852316711745,62709119.135314494
2019-10-10,127592.79409569026,1348.6692069451626,2867,0.0,340640.25957090594,0.001166811637438887,62999404.50216693
2019-10-11,127700.03337250801,1306.3352814102604,2867,0.0,340639.7549607041,0.0011679631504040724,63289825.34052412
2019-10-12,127989.48669271682,1379.745123886291,2867,0.0,340537.8739977467,0.0011707322649155924,63579582.481241696
2019-10-13,129091.09021890689,1339.8143909407775,2867,0.0,340571.2455178054,0.0011807449443176493,63870726.69836277
2019-10-14,128437.12768376704,1372.9949119129385,2867,0.0,340638.9978374931,0.001174850294614904,64160586.46892633
2019-10-15,127712.54878562888,1340.911973476344,2867,0.0,340571.3716853624,0.0011679028330582762,64451224.08229925
2019-10-16,127364.12943921649,1353.5539276536276,2867,0.0,340504.2501045536,0.0011649034159537163,64741699.63327344
2019-10-17,128780.2301233984,1316.4408658657235,2867,0.0,340571.62399969983,0.001177871645299752,65032820.93643063
2019-10-18,128812.99680483172,1425.6450456612115,2867,0.0,340504.75441911677,0.0011781677486336578,65323948.13559973
2019-10-19,128256.27944118161,1288.9757301409377,2867,0.0,341113.523342262,0.0011727940214627853,65613715.159871735
2019-10-20,127389.7046269203,1408.8974158631986,2867,0.0,340537.6217342313,0.0011652982203989213,65903530.05234075
2019-10-21,126984.54322549525,1275.8545895887098,2867,0.0,340571.8762863296,0.0011616627294659713,66192696.252243824
2019-10-22,127423.55391840338,1410.4113272538327,2866,0.0,340504.2501045536,0.0011654799166933504,66458200.09534178
2019-10-23,129270.04690153716,1298.2815564553919,2867,0.0,340571.49784599483,0.001182324162098476,66771128.43078412
2019-10-24,128672.39870111906,1423.3746205325117,2867,0.0,340537.7478694523,0.0011767201323345637,67062209.57570045
2019-10-25,127593.9314016857,1282.433137050797,2867,0.0,340707.76012171997,0.001166751320093089,67352265.79601187
2019-10-26,126715.38132039871,1401.9861364526569,2867,0.0,340910.514751214,0.0011584275263733074,67641813.41193944
2019-10-27,127970.00081178472,1279.8040565144263,2868,0.0,341147.90624582226,0.0011686741333743476,67954792.33640127
2019-10-28,128540.87854212367,1427.9876146621218,2866,0.0,341113.77623353037,0.0011735433199377158,68196472.9406323
2019-10-29,128649.7222180754,1368.5129930277667,2867,0.0,341249.4115298967,0.0011745158075154945,68510153.04590617
2019-10-30,129709.29442218768,1387.6862985632863,2867,0.0,341113.9026687471,0.001184309151114661,68807456.53568387
2019-10-31,126086.854239286,1393.641465188491,2867,0.0,341046.0221795499,0.0011522751571021576,69093145.10152832
2019-11-01,127750.86111961177,1277.6018582175157,2867,0.0,340809.26356143114,0.001168177002811895,69381211.3548481
2019-11-02,127774.2207806318,1419.465892281561,2867,0.0,340368.9981787762,0.0011688185600353515,69669272.42969929
2019-11-03,128403.62036025886,1284.168107814572,2867,0.0,340538.6306220449,0.0011746090252317204,69958242.88547343
2019-11-04,127473.01684874558,1416.3668538749523,2867,0.0,340944.2651734074,0.0011658355931160038,70248245.60118125
2019-11-05,126840.94733585345,1268.4094733585346,2867,0.0,340538.5045353158,0.0011603631648338377,70537270.34549311
2019-11-06,126840.24526612724,1409.1729168332731,2867,0.0,340267.3707015208,0.0011603850984141285,70825413.8085549
2019-11-07,128104.32394663065,1281.2830650399517,2867,0.0,340436.49801664165,0.001171796043559625,71113932.32312135
2019-11-08,128046.03896338612,1422.6045653457836,2867,0.0,340538.3784416573,0.0011714122059045622,71402458.28614484
2019-11-09,127253.51428795718,1272.5731247857323,2867,0.0,340504.62835086667,0.0011639328550259178,71691863.22617814
2019-11-10,127481.69182661921,1416.4632425179918,2867,0.0,340843.2664857769,0.0011649801834847295,71981174.99704531
2019-11-11,127389.91427899974,1274.00716642451,2867,0.0,341080.0255950016,0.0011637135192230144,72270638.32272786
2019-11-12,127619.70361063188,1417.7421488867376,2867,0.0,340741.5104163233,0.0011667129363275813,72557964.16863105
2019-11-13,127292.04313971294,1272.9204313971281,2686,0.0,340606.383197944,0.0011637850993724758,68239160.73585868
2019-11-19,129649.55869003243,1440.468462999666,1302,0.0,340606.383197944,0.0011850680117198038,33905225.55810647
2019-11-20,127228.79278823992,1272.4768441748652,2841,0.0,340809.5160511906,0.0011631635236957368,74191367.34159048
2019-11-21,127232.7181592351,1413.5822792342908,2867,0.0,340876.8906409591,0.0011634557996546282,75159386.86160457
2019-11-22,128207.47904229363,1282.33794564421,2867,0.0,340437.0021833225,0.0011725637188697415,75448200.0793833
2019-11-23,128250.62179348468,1424.8656780440385,2867,0.0,340606.383197944,0.0011728817557839447,75737845.75944254
2019-11-24,127449.16153521549,1274.4916153521551,2867,0.0,340572.6329799321,0.0011653091871890679,76027567.12636045
2019-11-25,126788.02576933162,1349.7962150218232,2867,0.0,340978.5210680344,0.0011587071795219873,76316640.98529135
2019-11-26,127813.83665197619,1420.03379180957,2866,0.0,340572.75907127827,0.001168957602174246,76578578.75826022
2019-11-27,128261.66629714136,1282.8792040986636,2867,0.0,340571.75014647923,0.0011729420731297323,76894830.77126804
2019-11-28,127571.27074740919,1417.5973112446218,2860,0.0,340335.24827904365,0.0011670015143727974,76994994.59295607
2019-11-29,127149.80749456797,1271.5240811167523,2864,0.0,340301.49839211063,0.0011629948268666484,77389160.22793704
2019-11-30,127022.4104230089,1411.3601158112058,2864,0.0,340708.3909824905,0.0011616993900975473,77677537.41616376
2019-12-01,127596.94636180311,1276.1110676160981,2863,0.0,339155.5414849954,0.001165844562287892,77939198.7117013
2019-12-02,128399.16399091101,1426.4021479556452,2864,0.0,339458.1397835848,0.0011724141891368079,78254889.69976151
2019-12-03,128465.3591454351,1284.863975835993,2864,0.0,340843.3927456448,0.0011733308753250952,78544184.41082282
2019-12-04,126574.826062616,1406.3869562512878,2864,0.0,338953.18296505354,0.0011563090557448169,78832475.98917498
2019-12-05,126520.61746459837,1265.2061746459779,2864,0.0,339256.7844328564,0.0011561004684684335,79119472.4964734
2019-12-06,127370.82617770856,1415.0819015339898,2863,0.0,339088.38146603917,0.0011641588080589737,79379967.52437803
2019-12-07,128485.65112976775,1285.100783986175,2864,0.0,339020.84483813273,0.0011744616379286248,79696640.92426819
2019-12-08,128006.45890751388,1422.1872072966862,2864,0.0,339323.8190350835,0.0011696641305719117,79985460.52193546
2019-12-09,127588.24922304362,1275.8824922304386,2864,0.0,340944.3915233341,0.0011656899940430093,80274524.87928484
2019-12-10,127031.2037267749,1411.4578191863873,2864,0.0,340910.514751214,0.0011610626499907162,80563664.30622298
2019-12-11,127671.84691455495,1276.8452018128253,2863,0.0,340606.8876233518,0.0011671184873078043,80824190.54807547
2019-12-12,128283.95070248969,1425.1305209137006,2864,0.0,338953.43403264205,0.0011733528318805045,81141538.63327399
2019-12-13,127982.74424692329,1279.9274646372792,2864,0.0,338886.65081717324,0.0011703832077615344,81430454.91369912
2019-12-14,127404.62132192244,1415.6069035769178,2864,0.0,338785.15886185,0.0011649434711591316,81719079.38294187
2019-12-15,127201.32266797396,1272.013226679741,2864,0.0,340437.25422511005,0.0011629070006450133,82008103.41845536
2019-12-16,127630.10486436685,1418.0121744140847,2864,0.0,340268.1262721438,0.001166469451760006,82297252.95304579
2019-12-17,128255.92121747341,1282.8073537931045,2863,0.0,340708.01248683233,0.0011725436507546336,82557259.9337733
2019-12-18,128190.26822956056,1424.1655923589597,2864,0.0,340605.8786616362,0.0011722385366935402,82875044.8152591
2019-12-19,127426.77004434749,1274.2677004434743,2864,0.0,340538.2523410706,0.0011651959715463253,83163964.12304737
2019-12-20,126931.6108192504,1410.3512313250062,2864,0.0,338885.52143695,0.0011608924866862954,83453126.55316637
2019-12-21,127187.12006577954,1271.955265386536,2864,0.0,340369.5021421472,0.0011630058051443504,83741647.38570607
2019-12-22,128275.98172047199,1424.9459123592915,2864,0.0,339256.5330347037,0.001171618264003253,84029375.46119347
2019-12-23,128351.95492590804,1283.6639038346427,2863,0.0,340944.8968536406,0.001171659590719267,84288893.5358904
2019-12-24,127936.12401550829,1421.495119104876,2864,0.0,341249.91749621386,0.0011674629858922294,84607795.43601896
2019-12-25,127671.50860096513,1276.7150860096515,2864,0.0,339661.00689346384,0.001164899558048311,84897230.1266409
2019-12-26,127521.11755027821,1416.750887072061,2864,0.0,339593.7199064496,0.0011632692838092493,85186174.43674111
2019-12-27,128750.85500949583,1287.845522204122,2864,0.0,339627.67812086595,0.00117443419223436,85474815.92380999
2019-12-28,128506.95728853247,1427.6063141193877,2864,0.0,341182.6685126772,0.001172172667027311,85764122.20789798
2019-12-29,127494.94516113288,1274.9494516113282,2863,0.0,341317.798924863,0.0011628958651513119,86023371.53484212
2019-12-30,127869.05281760874,1420.7672535289812,2864,0.0,339661.25873171416,0.0011662883101778837,86342464.56483342
2019-12-31,128051.37908539281,1280.612754405957,2864,0.0,339694.71341438463,0.0011679624975277731,86632182.97678593
2020-01-01,128746.81307457958,1430.1549599409584,2864,0.0,341452.54990017135,0.0011742695180688093,86921301.3126365
2020-01-02,128687.23185196465,1287.0468390425876,2864,0.0,341216.0401222981,0.001173759028155564,87210533.68510197
2020-01-03,127713.2393827648,1419.0359931418332,2863,0.0,339694.4615118099,0.0011648506811301302,87469261.87636304
2020-01-04,127306.86992020135,1273.0686992020128,2864,0.0,341216.2930269017,0.0011611340087957934,87788737.24469626
2020-01-05,127956.00003035889,1421.629000143198,2864,0.0,339728.41999159585,0.001167073257033733,88077140.1674281
2020-01-06,127554.02666543261,1275.795056285162,2864,0.0,339762.1266250946,0.0011633900448639917,88365453.67769073
2020-01-07,128298.73677054618,1425.3221192022133,2864,0.0,341284.04790501687,0.001170240490151385,88652648.91523282
2020-01-08,127519.76113012717,1275.1976113012718,2863,0.0,341283.7949267223,0.0011635547918857501,88910628.06275219
2020-01-09,127178.97053489549,1413.0996726099481,2864,0.0,339559.887668492,0.00116150178109888,89230321.90073189
2020-01-10,135951.47412363658,1414.4457571929897,2864,0.0,339323.94478122465,0.0012425269596943493,89527136.6582544
2020-01-11,128448.75382142348,1284.7478551046618,2864,0.0,339290.36460067483,0.0011740883764866825,89826982.32631873
2020-01-12,128315.49103227581,1425.6074424255103,2864,0.0,340573.26336734614,0.0011723922325813868,90116323.17200224
2020-01-13,127623.94027656825,1276.3074979773924,2864,0.0,339458.5173043487,0.001165843689930869,90405450.3023757
2020-01-14,127167.73928159119,1412.9748809065684,2863,0.0,340470.8782728743,0.0011621161351822336,90662760.31619342
2020-01-15,127270.5309522135,1272.7333199264185,2864,0.0,338987.5160119639,0.0011634614036690708,90982760.23304221
2020-01-16,127981.03131437508,1421.748499026832,2864,0.0,339121.3332891663,0.0011700703268469675,91270370.34180251
2020-01-17,127920.42734264431,1279.3590820313818,2864,0.0,340504.2501045536,0.0011693622279350456,91559058.05033252
2020-01-18,127477.38797492026,1416.415421943557,2864,0.0,339020.46811615786,0.0011650093408253515,91847918.08530734
2020-01-19,126840.36342013936,1268.4036342013967,2863,0.0,339121.0819688609,0.0011594255176832987,92104633.66112399
2020-01-20,127385.60041679996,1415.2510529536642,2856,0.0,338920.1052089885,0.0011647167558863723,92166863.59672093
2020-01-21,128887.09169234893,1289.119058321862,2864,0.0,340403.25215633627,0.0011783753939301556,92714271.58851813
2020-01-22,128471.37807706733,1388.882266223654,2864,0.0,340470.37403224636,0.0011746866926215566,93004133.49934119
2020-01-23,127567.7778932156,1325.0365336548514,2864,0.0,340403.25215633627,0.0011664035820937787,93293494.77358261
2020-01-24,127224.48752396171,1272.2448752396149,2863,0.0,340505.38465643645,0.001163071578947155,93550415.51436651
2020-01-25,127628.24556914384,1374.5514020539426,2864,0.0,338885.64695122384,0.0011668427132019445,93872112.35569836
2020-01-26,128528.09054610551,1312.511267423366,2864,0.0,340607.1397944585,0.0011750325083692414,94160813.92920531
2020-01-27,128361.88343472073,1328.0183035597645,2864,0.0,340639.88112365105,0.0011731881577149391,94450174.4219393
2020-01-28,127798.17343908959,1348.1745683590311,2864,0.0,340640.00727966795,0.001168072280304809,94740236.08555828
2020-01-29,127388.9547856221,1403.6924350294582,2863,0.0,340301.75028597936,0.0011644223787527451,94996636.398614
2020-01-30,76925.91575531971,835.5448915314224,2864,0.0,342088.2867913513,0.0007032410240334754,95295632.63914257
2020-01-31,0.0,0.0,2864,0.0,0.0,0.0,95347509.48076417
2020-02-01,0.0,0.0,2864,0.0,0.0,0.0,95347509.48076417
2020-02-02,0.0,0.0,2863,0.0,0.0,0.0,95314217.7525935
2020-02-03,82421.43102475816,824.214310247581,2864,0.0,338919.47768363263,0.0007534007748637267,95408445.50372215
2020-02-04,127251.26138256969,1413.7987571513142,2864,0.0,339121.20763246366,0.0011630058051443455,95679346.55709237
2020-02-05,128457.14190782113,1284.8317485303442,2863,0.0,344114.90656350617,0.0011741250749172758,95933912.74797502
2020-02-06,128322.78343389109,1425.6979035599961,2864,0.0,340606.2570742631,0.001173072885799055,96256904.89446354
2020-02-07,127250.4017671834,1272.5040176718344,2864,0.0,339020.71927104116,0.0011634449362525128,96545635.78947508
2020-02-08,127032.01242436827,1411.4668047152038,2864,0.0,340504.88048043806,0.001161057160851863,96834362.32093312
2020-02-09,126861.28232003038,1268.8251196962028,2864,0.0,339088.00465455523,0.0011594323757516524,97122145.33503953
2020-02-10,127929.14028137208,1421.1878636555793,2863,0.0,339054.173548353,0.0011694302219344434,97375188.13680238
2020-02-11,128051.1891043196,1280.6226647783944,2864,0.0,339053.7967091687,0.0011705149470939782,97697421.95635492
2020-02-12,127495.58588261173,1416.585597404354,2864,0.0,339054.173548353,0.0011652947760456612,97986600.1573549
2020-02-13,126633.3283780998,1266.333283780998,2863,0.0,339020.59369704896,0.0011577782008472236,98241135.22126852
2020-02-14,127612.72562348019,1339.260520438433,2864,0.0,340369.2501743093,0.0011670567896171803,98563694.20955649
2020-02-15,128405.59841808102,1340.3358434581232,2864,0.0,340503.8717959045,0.0011742640289299556,98852524.13684404
2020-02-16,127772.25860557002,1366.4399505938895,2864,0.0,340335.1222963094,0.0011684235851913457,99141668.50483191
2020-02-17,127230.48273999064,1272.5136413065707,2863,0.0,338986.88830285997,0.0011635328276612632,99395720.90740037
2020-02-18,126924.96865906843,1312.4265042672434,2864,0.0,338885.39591578365,0.0011607003668264767,99719369.42528796
2020-02-19,126933.97113423931,1349.656231247473,2864,0.0,339087.87903692434,0.0011605960731882923,100007371.03906816
2020-02-20,128582.32004945412,1423.4092092495562,2864,0.0,338785.15886185,0.0011757460964200118,100295437.0437232
2020-02-21,128262.554226704,1413.842136981554,2863,0.0,340267.3707015208,0.0011729335157391737,100549185.33521102
2020-02-22,127677.7493960956,1321.1387067518256,2864,0.0,338885.52143695,0.0011675782578081197,100873757.67425488
2020-02-23,127171.15508357319,1364.8416357011092,2864,0.0,340572.3807764489,0.0011626764568132262,101163038.3535524
2020-02-24,127884.19906648443,1367.808131868748,2864,0.0,338986.38601140893,0.0011690822818535953,101452435.29958323
2020-02-25,128812.01697674797,1353.841040013159,2864,0.0,338986.63717092853,0.0011776892515736397,101742123.13231272
2020-02-26,128485.01708606762,1285.028957183023,2863,0.0,340300.9945213196,0.0011747730195394632,101996033.24967816
2020-02-27,127588.18313153331,1341.8044814777982,2864,0.0,344046.0872241458,0.0011667933109522771,102321726.42384323
2020-02-28,127337.7334809415,1374.9890933149748,2864,0.0,338986.38601140893,0.0011641365677478755,102611016.1243462
2020-02-29,127376.8161426294,1351.6777775829553,2863,0.0,339087.2508452627,0.0011641423348906195,102863362.87216267
2020-03-01,128480.05582356332,1333.5588882074155,2864,0.0,339188.1159385004,0.0011744506596509142,103188338.77466454
2020-03-02,128434.77243851541,1284.5026249562964,2864,0.0,339053.7967091687,0.001173967615431943,103477857.30602014
2020-03-03,127631.68919789816,1330.6697177854421,2864,0.0,340673.3789328169,0.0011665627671204883,103767649.7986308
2020-03-04,126823.25139478789,1337.0319925264573,2864,0.0,339087.376497394,0.0011591194948370777,104056038.13457519
2020-03-05,127698.40510209207,1418.784395729354,2863,0.0,340606.0048061088,0.0011669867019609228,104308066.3517277
2020-03-06,127974.61151389734,1279.988979846209,2864,0.0,339087.12518623273,0.001169406141045869,104632774.96858819
2020-03-07,128398.15809196727,1426.475411939712,2864,0.0,338986.5115946179,0.0011735998431288458,104921361.38082394
2020-03-08,127683.79344106044,1276.8379344106067,2864,0.0,344012.251055805,0.0011672983117266634,105211018.1302776
2020-03-09,127373.59510815609,1415.2621678684027,2863,0.0,338886.02345267596,0.0011645486730435207,105463403.65958619
2020-03-10,127499.30215698271,1275.099754125986,2864,0.0,338987.26494902,0.0011656899940430156,105789399.30339845
2020-03-11,128550.4871134666,1427.9506019623973,2864,0.0,344216.6698557336,0.0011752081608125125,106078210.48088273
2020-03-12,127918.23961310348,1279.2930154276066,2866,0.0,338919.3521578722,0.001169824280890314,106441622.90750636
2020-03-13,127056.68025005971,1411.7408916673278,2863,0.0,338885.64695122384,0.001161852564488463,106618629.52084923
2020-03-14,126890.52938766926,1268.9052938766931,2864,0.0,344046.2146568021,0.0011603106379679785,106943671.46199808
2020-03-15,127684.86007079652,1418.5979735484325,2864,0.0,338953.3085022963,0.0011673696705317518,107233144.17170325
2020-03-16,128112.63119027953,1281.5145063388652,2864,0.0,338986.63717092853,0.0011713767418937617,107521569.64199005
2020-03-17,127715.44314602805,1418.886478588742,2864,0.0,343943.1774537086,0.0011677099971405787,107809919.59236251
2020-03-18,126888.45190798404,1268.884519079844,2863,0.0,338717.12176403234,0.0011604358720094265,108060492.99980134
2020-03-19,126646.48665949683,1407.1831851055158,2864,0.0,343635.9791248692,0.0011579283517061806,108385842.42552277
2020-03-20,126825.49616371423,1268.4737018232245,2864,0.0,338885.52143695,0.001159800148054731,108673449.15989563
2020-03-21,128104.50742713777,1423.1405147284784,2864,0.0,343806.9415864901,0.001171442611559989,108961125.17100513
2020-03-22,128034.87603709409,1280.4822490775355,2863,0.0,340707.2553082961,0.0011697871405822603,109211403.46659046
2020-03-23,127017.02634419185,1411.3002927132425,2864,0.0,340504.502275689,0.0011609858020467845,109538091.2950325
2020-03-24,126916.37351120093,1269.1637351120085,2864,0.0,343978.0326677481,0.0011599373765260425,109825950.26220247
2020-03-25,127410.77207108834,1415.5257008197964,2864,0.0,343909.3413684607,0.0011643780898573709,110114461.84128723
2020-03-26,128185.35603328676,1282.0965104536122,2863,0.0,338987.13940719946,0.0011715278053723854,110364429.37550786
2020-03-27,127832.04300875837,1420.2819912803186,2864,0.0,343874.9958502588,0.0011685882593569013,110691351.26191878
2020-03-28,127466.45540771827,1274.6645540771838,2864,0.0,343841.1596881905,0.001165388091406152,110979963.91037335
2020-03-29,126710.73254761299,1401.8847987708582,2864,0.0,339054.2991476159,0.0011579997105112564,111268238.12583554
2020-03-30,128175.424777928,1287.221020824507,2863,0.0,344046.851715095,0.0011709677176481163,111518351.7229101
2020-03-31,128411.75735574636,1421.0100259586948,2864,0.0,339222.07299590606,0.0011737480498778628,111846524.76660322
2020-04-01,128246.13729028037,1288.958262868781,2864,0.0,339155.03885374573,0.001172156199610761,112135727.35767053
2020-04-02,100701.37258304206,1118.7506947927607,2864,0.0,339222.1987215094,0.0009203968461603803,112408254.35236508
2020-04-03,79118.1687395933,879.0907637732624,2863,79020.68123320627,79224.9557504297,0.0007231611089276379,112559441.04943809
2020-04-04,79122.86926490538,879.1429918322835,2864,79044.23306316863,79193.62105800062,0.0007231611089276279,112777691.46518654
2020-04-05,79142.89318298393,879.3654798109308,2864,79052.19095211422,79224.9557504297,0.00072316110892762,112956657.75910601
2020-04-06,114806.490263041,1177.121289408641,2863,0.0,339188.3673736832,0.0010494616278187235,113124951.96371695
2020-04-07,127287.52810618533,1407.8161911642333,2864,0.0,339121.3332891663,0.001163593143001523,113448756.7094445
2020-04-08,126947.8377331605,1275.5416884557383,2864,0.0,340572.25466431293,0.0011603819967730593,113737735.68521228
2020-04-09,127364.54679328323,1409.6719120349212,2864,0.0,340504.376193585,0.0011642628179414653,114025869.94156364
2020-04-10,128921.71911600785,1295.048073754829,2864,0.0,340504.2501045536,0.001178457731012941,114315204.97682802
2020-04-11,127943.70172592522,1415.3641862929276,2863,0.0,338952.8063119441,0.0011694631682711632,114564605.44988456
2020-04-12,126818.6124308045,1274.651662419503,2864,0.0,338818.1112296247,0.0011592182993364183,114892375.08057159
2020-04-13,126856.24026387006,1403.5118560006165,2864,0.0,343978.41476974235,0.0011593610169465644,115180496.26141447
2020-04-14,128087.14895046808,1286.347572116022,2864,0.0,340741.13174045074,0.0011707015778149525,115468943.0593079
2020-04-15,128426.23114007266,1421.2903865721858,2863,0.0,340639.2502396132,0.0011740427090754645,115718478.38170828
2020-04-16,128371.07429488648,1289.98156364704,2864,0.0,340707.5077288732,0.00117350652776836,116048065.2277823
2020-04-17,127572.52981113849,1410.9181697700901,2864,0.0,343772.46899654414,0.0011662937993167418,116337122.85092095
2020-04-18,127075.80465674197,1276.8166455289918,2864,0.0,344011.48655087117,0.0011617323249306683,116626563.72789189
2020-04-19,127287.85163646447,1408.8666915074791,2864,0.0,344046.5969127785,0.0011635711864461105,116914970.41073683
2020-04-20,128311.47633287759,1288.8468186304194,2863,0.0,340572.3807764489,0.0011730103905248587,117162139.02212971
2020-04-21,128114.4977487822,1417.1116562773852,2864,0.0,340436.87615204044,0.0011712944048109766,117492168.61581714
2020-04-22,126849.02791227371,1275.014978142366,2864,0.0,338885.39591578365,0.0011596354738891742,117780336.84876204
2020-04-23,126371.99782486907,1398.2370936165303,2864,0.0,340606.0048061088,0.0011552276953909547,118068502.50175607
2020-04-24,127731.71706635844,1282.8584503476002,2863,0.0,340267.4966472597,0.0011677774140422348,118314611.54372828
2020-04-25,128966.572124251,1427.3100020395837,2864,0.0,343977.9052864212,0.0011789901774815832,118645734.6809007
2020-04-26,128182.68257831203,1288.2305879128933,2864,0.0,343840.650419704,0.0011719640797509345,118935236.34459627
2020-04-27,126949.32149352529,1403.9383439699252,2864,0.0,340605.62635190436,0.0011604478664392847,119224507.87897524
2020-04-28,127006.96595954287,1276.1545693061503,2863,0.0,340707.0028599904,0.0011609739955092209,119471092.37173313
2020-04-29,127344.5301293182,1409.5469400816767,2864,0.0,340706.75038396224,0.0011639938501377153,119800720.29304895
2020-04-30,128758.28286118055,1293.4054559192364,2864,0.0,338986.63717092853,0.0011769482178286095,120089584.97753385
2020-05-01,128332.17499057978,1419.5295969982171,2864,0.0,340876.6380357445,0.0011727435374679306,120379038.74036053
2020-05-02,127546.60773235382,1282.045551086407,2863,0.0,340674.13600053726,0.0011653284030125988,120626077.9528228
2020-05-03,126593.92318385465,1400.4592500581427,2864,0.0,340741.7628322349,0.001156709762881017,120956673.27809238
2020-05-04,127109.90450507167,1276.5053767903876,2864,0.0,339121.71021786437,0.0011616225421536208,121244490.10993099
2020-05-05,128280.07027902454,1419.6576937455065,2864,0.0,340741.25797267497,0.00117222206927698,121532601.6553176
2020-05-06,128416.56447532431,1290.5764517214027,2864,0.0,340741.13174045074,0.0011734955494906644,121821574.32465787
2020-05-07,127105.64188656984,1405.731001432947,2863,0.0,340809.01104392664,0.0011617921628711404,122067651.50920928
2020-05-08,126732.60595783906,1273.5185643242687,2864,0.0,340673.0003053852,0.0011586693854512117,122398444.25499573
2020-05-09,127571.47075483669,1412.0048414185826,2864,0.0,340571.11934332096,0.0011664310277880404,122686527.05066526
2020-05-10,128334.3651027551,1289.043391187652,2863,0.0,340538.2523410706,0.0011733343628359478,122932404.48723708
2020-05-11,128331.5840538473,1419.6431000095322,2864,0.0,340572.3807764489,0.0011733034296308351,123264802.33958584
2020-05-12,126986.38581885974,1276.3619566415382,2864,0.0,340538.5045353158,0.0011609034649639977,123553504.3685315
2020-05-13,126319.6521289526,1397.593296089473,2864,0.0,343909.7234004172,0.001154980684142618,123841528.11969405
2020-05-14,127406.97162602001,1279.5534670554282,2864,0.0,340538.2523410706,0.001164723905605042,124129137.46711414
2020-05-15,128427.6769758485,1421.2237541468623,2863,0.0,340606.383197944,0.0011740317269632195,124374260.2271569
2020-05-16,127906.1596306078,1285.4173391923434,2864,0.0,340605.8786616362,0.0011691371732421212,124706831.04929084
2020-05-17,127335.2817845479,1408.3437048506842,2864,0.0,340741.6366277469,0.0011639060239160834,124995401.89087883
2020-05-18,126747.81172343952,1273.6382532335276,2864,0.0,340775.13447996817,0.0011585705809518713,125283794.67064793
2020-05-19,127680.3241076727,1413.237130597744,2863,0.0,340740.6267422285,0.001167145942588404,125528420.85912094
2020-05-20,128228.73459463475,1288.005906667764,2864,0.0,340706.87662544154,0.0011720299494171569,125860769.31256455
2020-05-21,127574.11184162326,1411.0997329279571,2864,0.0,340503.7456791715,0.0011659205378748044,126149259.49071431
2020-05-22,126868.08449106765,1275.1938510168686,2864,0.0,343977.6505027744,0.0011594707997236145,126436814.79079077
2020-05-23,127088.80905701022,1405.9422664092874,2863,0.0,344182.70631838724,0.001161325423100915,126680819.18092227
2020-05-24,127335.9193921794,1278.7954762655036,2864,0.0,343841.0323815574,0.0011640103175542774,127013800.30305283
2020-05-25,128094.95179702945,1417.7591212614284,2864,0.0,340740.8792552033,0.0011705863058990562,127301995.22186787
2020-05-26,128173.56552453978,1288.2059500703604,2864,0.0,340537.8739977467,0.0011714151658657225,127590474.81745078
2020-05-27,127335.69123132447,1408.3272309416993,2863,0.0,340774.6294356007,0.001163560282941869,127835063.41023155
2020-05-28,126738.1279010901,1273.5976123767246,2865,0.0,340842.50878088555,0.0011581716805374631,128212196.9907532
2020-05-29,127450.01771937829,1410.517149381116,2864,0.0,340910.1357359862,0.0011646964599107852,128456086.1889739
2020-05-30,128486.84918337766,1290.549466383075,2864,0.0,344080.3056707252,0.0011739291914599713,128744750.13976786
2020-05-31,128024.78195792639,1416.2089280319015,2863,0.0,339154.66180783266,0.001169814595862852,128988397.89660639
2020-06-01,126720.46548636969,1273.621529268386,2864,0.0,340943.8860819965,0.0011577417209852137,129321107.1997278
2020-06-02,126712.49329201806,1401.7572905344637,2864,0.0,340842.6350823747,0.0011578844385953645,129608978.0423129
2020-06-03,127204.76359060236,1277.4741196750408,2864,0.0,340842.76137692854,0.0011624568912591432,129897279.83067709
2020-06-04,128112.70567570708,1417.8274041430984,2864,0.0,340875.88005361805,0.0011705533710659529,130185067.83207096
2020-06-05,127787.46560714759,1284.2202966542802,2863,0.0,343943.9416926151,0.0011673875490577,130427465.65344232
2020-06-06,126861.95486318799,1403.041520519702,2864,0.0,340876.76434182,0.0011589712880880787,130760209.63697267
2020-06-07,126291.10115597397,1268.7681781952342,2864,0.0,341079.3934416879,0.0011532461162653577,131047721.77346951
2020-06-08,127186.41147559416,1407.7521272430965,2864,0.0,340977.6364408097,0.0011617323249306698,131334901.31863551
2020-06-09,128108.13482671953,1286.5802475475657,2863,0.0,340978.1419837208,0.001170413120979959,131576706.06093128
2020-06-10,127771.94247172629,1324.5500544820668,2864,0.0,340909.8830244826,0.0011674629858922285,131910640.36177714
2020-06-11,127044.51020771668,1359.4788375927694,2864,0.0,340841.7508263235,0.0011609034649640044,132198795.61159386
2020-06-12,126535.95332428698,1347.557339534382,2864,0.0,340841.4981193363,0.0011562212295231813,132486739.74917004
2020-06-13,127550.1438354741,1305.2044874947965,2864,0.0,340842.6350823747,0.0011653990696838484,132774592.71556872
2020-06-14,128340.0884763658,1289.0202902819274,2863,0.0,340977.13078688545,0.0011724008832955002,133016652.87393285
2020-06-15,213731.55151731093,2374.7950168590305,2864,0.0,340909.8830244826,0.00195267880954266,133420322.39003664
2020-06-16,249445.1208616471,2771.6124540183155,2864,249135.80821746725,249755.18463501593,0.002279529582489423,133972811.35747269
2020-06-17,249535.3232228176,2772.6147024757893,2863,249308.91031043974,249804.70964947462,0.0022795295824894627,134489863.0566129
2020-06-18,249523.7330844235,2772.48592316028,2864,249210.1397421149,249904.2234549925,0.0022795295824894397,135100871.23045933
2020-06-19,249524.6146804496,2772.4957186717024,2864,249284.6561742508,249779.9934401065,0.002279529582489491,135665007.0315919
2020-06-20,249524.54428566401,2772.494936507406,2864,249284.2869140445,249755.36984013583,0.00227952958248948,136229134.82704675
2020-06-21,249516.88425944408,2772.4098251049386,2863,249309.37199143763,249804.802286683,0.002279529582489423,136745397.42833018
2020-06-22,249546.76518456553,2772.7418353840617,2864,249308.91031043974,249805.1727846802,0.002279529582489423,137357189.76678002
2020-06-23,249491.5081701025,2772.1278685567017,2864,249234.7631662228,249805.1727846802,0.002279529582489423,137921317.94307366
2020-06-24,249565.32424121472,2772.948047124614,2863,249234.9477421386,249854.69806644716,0.002279529582489423,138436996.0650273
2020-06-25,249551.55169012622,2772.7950187791917,2864,249284.2869140445,249804.9875458492,0.002279529582489491,139049381.9352746
2020-06-26,249576.3582219891,2773.0706469110023,2864,249284.37923669943,249904.1307739292,0.002279529582489431,139613515.26000404
2020-06-27,249637.526241243,2773.7502915693535,2863,249383.42711735916,249978.3726423058,0.002279529582489423,140128603.1650981
2020-06-28,249607.97294947237,2773.4219216608262,2864,249334.18015760236,249929.1252254261,0.002279529582489447,140741578.0840112
2020-06-29,249674.75554491996,2774.163950499088,2864,249383.51949925456,249879.4144155,0.002279529582489423,141305705.72322607
2020-06-30,249647.05427421196,2773.8561586023657,2864,249333.81076877058,249953.56351891859,0.002279529582489441,141869836.33515283
2020-07-01,163703.24211626925,1729.4201733238444,2863,0.0,341214.395564883,0.0014945117263668523,142315790.4617093
2020-07-02,127060.57261620613,1405.7612022216124,2864,0.0,344352.9065840851,0.0011599812896368547,142665728.29747465
2020-07-03,127493.87511286623,1280.3243660359783,2864,0.0,341180.64501487795,0.0011638730890829797,142954169.2295329
2020-07-04,128453.42657108934,1421.5102119375474,2864,0.0,344523.87336225034,0.0011723757651648406,143242650.80630416
2020-07-05,127917.12386299433,1285.3501804063317,2863,0.0,344592.56713757507,0.001167607191302511,143480715.3323012
2020-07-06,127116.67447127831,1405.883946338687,2864,0.0,341145.88226516155,0.0011604039533284686,143818539.6917355
2020-07-07,126860.41794161226,1274.7089729035608,2864,0.0,341349.5245405936,0.0011577966123737318,144106648.2005205
2020-07-08,127393.53246219833,1409.937467477808,2864,0.0,342937.8277782071,0.0011625886305915946,144394520.51482916
2020-07-09,128504.87261352233,1290.6372158612464,2864,0.0,344284.46916797507,0.0011728917442169343,144682933.62360063
2020-07-10,128229.39776372955,1418.548700428968,2863,0.0,341045.0107429873,0.0011705229421023718,144920936.96924537
2020-07-11,127335.55765445081,1279.8908803016195,2864,0.0,344592.4393434807,0.0011619189556516397,145260003.40604052
2020-07-12,127014.12997177614,1405.2007706808881,2864,0.0,341349.7778150106,0.0011588944401441474,145548639.99061152
2020-07-13,127327.76403929493,1278.847707987143,2864,0.0,341349.5245405936,0.0011620177601509767,145836174.43871978
2020-07-14,128130.41881125593,1417.9668214986802,2863,0.0,341316.027137636,0.0011694137487660808,146072917.38628426
2020-07-15,127839.85857341543,1284.765426798621,2864,0.0,341315.77391398116,0.001166853691479653,146411672.43423682
2020-07-16,127332.48898917664,1408.2967336555002,2864,0.0,341248.272699175,0.0011621000972337583,146699681.18795428
2020-07-17,126825.25215383997,1274.2831196449763,2864,0.0,344387.89136640215,0.0011575386228476875,146988463.6166511
2020-07-18,127188.96095485686,1407.5921195546264,2864,0.0,341248.3992637102,0.0011607333016595903,147275643.12378955
2020-07-19,128179.44949402577,1287.3439300430819,2863,0.0,341315.77391398116,0.0011698145958628605,147511991.53270108
2020-07-20,128043.8424344327,1416.4688688239207,2864,0.0,344695.22494866163,0.0011708168497308528,147851943.87948912
2020-07-21,125578.9701222849,1313.0199211369381,2864,0.0,407837.99772209564,0.0011588615053110345,148140223.38907146
2020-07-22,126175.62459450064,1267.5285781414518,2864,0.0,403620.05912839284,0.0011451057233477391,148426578.8163467
2020-07-23,128342.86501898427,1420.3356430094796,2863,0.0,423007.32924927596,0.0011558233848684056,148659537.02524358
2020-07-24,127818.82574776493,1283.623791818445,2864,0.0,409708.64710060926,0.0011590810708651195,148997184.2156424
2020-07-25,126029.00309531053,1394.201085400087,2864,0.0,409176.99703531055,0.0011578460146234014,149282733.71437407
2020-07-26,126087.41139152627,1267.359853408549,2864,0.0,416905.0095554323,0.0011577307427075103,149569241.46484667
2020-07-27,127242.46984833915,1407.668171258772,2864,0.0,383835.18750368065,0.0011598495503044072,149857477.1173333
2020-07-28,126272.48772589583,1268.432290930514,2863,0.0,388783.1022534032,0.0011548844142718346,150091954.7404553
2020-07-29,132138.15698628017,1462.2806019025911,2864,0.0,421468.4502713746,0.0011753947915334791,150431432.87381113
2020-07-30,130386.7442012112,1310.1381017555004,2864,0.0,409741.61798954743,0.001166420049510337,150720261.07475284
2020-07-31,127597.42619786566,1411.1586722623488,2864,0.0,358828.43603203347,0.0011491786643759781,151006162.22779086
2020-08-01,127681.19102800317,1282.711487072897,2863,0.0,359853.0742273048,0.0011544890582311773,151240147.41473955
2020-08-02,129596.99206328494,1434.081352414573,2864,0.0,415239.5451386257,0.0011586638963123617,151579635.20617145
2020-08-03,130962.79805626789,1315.836737868458,2864,0.0,414168.1677139522,0.0011649379820202817,151865848.6830847
2020-08-04,129688.22504565655,1434.5379534799356,2864,0.0,406462.72636539745,0.001163626077834637,152153827.41518605
2020-08-05,127128.04830046934,1277.7611081649507,2863,0.0,409202.0952223396,0.0011531272763133545,152386582.3474785
2020-08-06,127575.26650832516,1411.6110245241262,2864,0.0,371336.4574282576,0.0011470214328071127,152725244.903088
2020-08-07,128149.6758056221,1281.4990427458413,2028,0.0,357667.24285788654,0.0011612608652848092,108317739.08661094
2020-08-08,126544.59608524031,1265.931479632866,2751,0.0,353721.4724475915,0.001155894279572612,147153264.3453985
2020-08-09,127904.58500472127,1279.0514721328186,1906,0.0,356383.0344999292,0.0011680228089369284,102108803.15980734
2020-08-10,217372.05547620525,2174.5903909184162,1631,0.0,346596.31624910067,0.0019807362146482157,87498592.58592072
2020-08-11,1881.1186099195834,18.818713584629688,559,0.0,269119.58818630583,1.718330238604637e-05,30017116.78746813
